data_referencia,ano,mes,commodity_id,preco_usd_ton,variacao_pct_mom
1980-03-01,1980,3,1,2303.8279,-21.012842296306168
1980-04-01,1980,4,1,2074.54755455933,-9.952147269362888
1980-05-01,1980,5,1,2076.75230911865,0.10627640491895907
1980-06-01,1980,6,1,2006.2042,-3.397040119271122
1980-07-01,1980,7,1,2175.96020911865,8.461551875858397
1980-08-01,1980,8,1,2081.16114544067,-4.35665428442632
1980-09-01,1980,9,1,2059.11494544067,-1.059322102389726
1980-10-01,1980,10,1,2045.88709088135,-0.642404863730861
1980-11-01,1980,11,1,2010.61370911865,-1.7241118495695984
1980-12-01,1980,12,1,1878.33650911865,-6.57894648783548
1981-01-01,1981,1,1,1876.13175455933,-0.11737803895184307
1981-02-01,1981,2,1,1803.37889088135,-3.877812072695741
1981-03-01,1981,3,1,1816.60674544067,0.7335039034894963
1981-04-01,1981,4,1,1823.22100911865,0.3640999184099991
1981-05-01,1981,5,1,1746.05930911865,-4.23216382512509
1981-06-01,1981,6,1,1699.76215455933,-2.651522449296939
1981-07-01,1981,7,1,1682.12479088135,-1.0376371559203568
1981-08-01,1981,8,1,1787.94695455933,6.29098175424514
1981-09-01,1981,9,1,1706.37574544067,-4.562283512419107
1981-10-01,1981,10,1,1664.4881,-2.4547726696532823
1981-11-01,1981,11,1,1651.26024544067,-0.7947100708818655
1981-12-01,1981,12,1,1655.66975455933,0.26703901646243366
1982-01-01,1982,1,1,1613.78210911865,-2.529951720464252
1982-02-01,1982,2,1,1596.14474544067,-1.0929210070132922
1982-03-01,1982,3,1,1512.36945455933,-5.248602366460875
1982-04-01,1982,4,1,1521.1878,0.5830814298771525
1982-05-01,1982,5,1,1530.00614544067,0.5797012992524664
1982-06-01,1982,6,1,1309.54431363983,-14.409212175899
1982-07-01,1982,7,1,1439.61659088135,9.932636558131346
1982-08-01,1982,8,1,1450.63969088135,0.7656969272111125
1982-09-01,1982,9,1,1424.18465455933,-1.823680717432108
1982-10-01,1982,10,1,1463.86754544067,2.786358549384782
1982-11-01,1982,11,1,1444.0261,-1.3554126192952154
1982-12-01,1982,12,1,1474.89064544067,2.1373952618079395
1983-01-01,1983,1,1,1574.09854544067,6.7264580127809115
1983-02-01,1983,2,1,1649.05549088135,4.761896620627115
1983-03-01,1983,3,1,1598.3495,-3.074850492402148
1983-04-01,1983,4,1,1675.5112,4.827586206896539
1983-05-01,1983,5,1,1765.90075455933,5.394744873047097
1983-06-01,1983,6,1,1701.96690911865,-3.620466511247078
1983-07-01,1983,7,1,1704.17099088135,0.1295020338463182
1983-08-01,1983,8,1,1640.23714544067,-3.751609772891107
1983-09-01,1983,9,1,1560.87069088135,-4.838718278020549
1983-10-01,1983,10,1,1435.20775455933,-8.050822983360906
1983-11-01,1983,11,1,1388.9106,-3.225815524773634
1983-12-01,1983,12,1,1415.36630911865,1.9047812810018216
1984-01-01,1984,1,1,1375.68291363983,-2.803754421958138
1984-02-01,1984,2,1,1428.59349088135,3.846131744235093
1984-03-01,1984,3,1,1501.34635455933,5.092621808958131
1984-04-01,1984,4,1,1532.2109,2.0557911468556123
1984-05-01,1984,5,1,1419.77514544067,-7.338138278439999
1984-06-01,1984,6,1,1364.65981363983,-3.881976098668316
1984-07-01,1984,7,1,1331.59051363983,-2.4232632682131383
1984-08-01,1984,8,1,1338.20435681992,0.4966874660297105
1984-09-01,1984,9,1,1294.11195681992,-3.294892874566646
1984-10-01,1984,10,1,1272.06575681992,-1.7035774906349777
1984-11-01,1984,11,1,1344.8182,5.719236037133513
1984-12-01,1984,12,1,1320.56741363983,-1.8032761870838687
1985-01-01,1985,1,1,1358.04588636017,2.8380582720150205
1985-02-01,1985,2,1,1388.9106,2.2727298061005374
1985-03-01,1985,3,1,1389.35153409195,0.031746758355089
1985-04-01,1985,4,1,1501.34635455933,8.060941937245358
1985-05-01,1985,5,1,1530.00614544067,1.9089393193186366
1985-06-01,1985,6,1,1433.003,-6.340049399784043
1985-07-01,1985,7,1,1474.89064544067,2.9230675330526257
1985-08-01,1985,8,1,1419.77514544067,-3.7369211182116113
1985-09-01,1985,9,1,1366.8644,-3.726698950223395
1985-10-01,1985,10,1,1384.50134318008,1.2903213500973676
1985-11-01,1985,11,1,1369.06898636017,-1.1146509099415836
1985-12-01,1985,12,1,1391.11518636017,1.6103059976993794
1986-01-01,1986,1,1,1417.57039088135,1.9017263833054576
1986-02-01,1986,2,1,1404.34295681992,-0.9331059781240381
1986-03-01,1986,3,1,1444.0261,2.8257444513369423
1986-04-01,1986,4,1,1433.003,-0.7633587786259666
1986-05-01,1986,5,1,1417.57039088135,-1.076941856970981
1986-06-01,1986,6,1,1413.16155455933,-0.31101357296825505
1986-07-01,1986,7,1,1344.8182,-4.8362025091067355
1986-08-01,1986,8,1,1302.93038636017,-3.1147565998013715
1986-09-01,1986,9,1,1309.54431363983,0.5076193900225734
1986-10-01,1986,10,1,1316.15815681992,0.5050492076672741
1986-11-01,1986,11,1,1302.93038636017,-1.0050289466511209
1986-12-01,1986,12,1,1331.59051363983,2.1996668110354056
1987-01-01,1987,1,1,1344.8182,0.9933749320587104
1987-02-01,1987,2,1,1380.09208636017,2.6229483182314217
1987-03-01,1987,3,1,1463.86754544067,6.0702803753804435
1987-04-01,1987,4,1,1483.70899088135,1.3554126192959037
1987-05-01,1987,5,1,1518.98304544067,2.3774240620033193
1987-06-01,1987,6,1,1571.89379088135,3.4833005937423334
1987-07-01,1987,7,1,1693.14789088135,7.713886313655682
1987-08-01,1987,8,1,1754.87765455933,3.6458577546848225
1987-09-01,1987,9,1,1809.99315455933,3.140703276767187
1987-10-01,1987,10,1,1966.52130911865,8.647997047117517
1987-11-01,1987,11,1,2519.88039088135,28.13898223206659
1987-12-01,1987,12,1,2866.006,13.735795173896692
1988-01-01,1988,1,1,2660.97660911865,-7.153836763822197
1988-02-01,1988,2,1,2328.07902275848,-12.510353725748457
1988-03-01,1988,3,1,2358.9434,1.3257443986995687
1988-04-01,1988,4,1,2283.98662275848,-3.177557258962649
1988-05-01,1988,5,1,2442.71869088135,6.949780990011312
1988-06-01,1988,6,1,2539.72250911865,3.9711416054339255
1988-07-01,1988,7,1,2213.43817724152,-12.847243378189354
1988-08-01,1988,8,1,2200.21049088135,-0.5976081236953701
1988-09-01,1988,9,1,2433.90017724152,10.62124225516985
1988-10-01,1988,10,1,2936.55410911865,20.652199978341624
1988-11-01,1988,11,1,3302.52049088135,12.462442991474031
1988-12-01,1988,12,1,3496.52745455933,5.874512034479618
1989-01-01,1989,1,1,3392.91004544067,-2.9634375953075276
1989-02-01,1989,2,1,3095.28634544067,-8.771930172447128
1989-03-01,1989,3,1,3262.8376,5.413109995659404
1989-04-01,1989,4,1,3117.33254544067,-4.459463583456613
1989-05-01,1989,5,1,2738.13830911865,-12.164061125805127
1989-06-01,1989,6,1,2544.13117724152,-7.085366405014682
1989-07-01,1989,7,1,2503.78709547119,-1.5857705031575242
1989-08-01,1989,8,1,2760.18450911865,10.240384021118555
1989-09-01,1989,9,1,2883.64269088135,4.472823514328073
1989-10-01,1989,10,1,2859.39240911865,-0.8409600065703127
1989-11-01,1989,11,1,2590.4285,-9.406330808633323
1989-12-01,1989,12,1,2418.46840911865,-6.638287483377747
1990-01-01,1990,1,1,2365.55699088135,-2.187806879668208
1990-02-01,1990,2,1,2358.9434,-0.2795785900252534
1990-03-01,1990,3,1,2625.70272275848,11.308424049448561
1990-04-01,1990,4,1,2685.22689088135,2.266980477528535
1990-05-01,1990,5,1,2740.34239088135,2.052545361703495
1990-06-01,1990,6,1,2583.81490911865,-5.711968047626259
1990-07-01,1990,7,1,2769.00302275848,7.167236050317483
1990-08-01,1990,8,1,2956.39555455933,6.767509109259473
1990-09-01,1990,9,1,3040.17084544067,2.833696957504306
1990-10-01,1990,10,1,2742.54697724152,-9.789708648956196
1990-11-01,1990,11,1,2583.81490911865,-5.787761137368886
1990-12-01,1990,12,1,2484.60700911865,-3.8395900437713792
1991-01-01,1991,1,1,2447.1282,-1.5084401267926983
1991-02-01,1991,2,1,2447.1282,0.0
1991-03-01,1991,3,1,2409.64939088135,-1.5315425288568885
1991-04-01,1991,4,1,2471.37932275848,2.5617806520205733
1991-05-01,1991,5,1,2340.4246727356,-5.298848655766553
1991-06-01,1991,6,1,2218.06802725677,-5.2279676805753965
1991-07-01,1991,7,1,2231.25534581909,0.5945407625134624
1991-08-01,1991,8,1,2236.18677692413,0.22101599058486077
1991-09-01,1991,9,1,2318.58300291138,3.6846754858548048
1991-10-01,1991,10,1,2360.64557547607,1.8141499576195041
1991-11-01,1991,11,1,2375.66037788696,0.6360464513128772
1991-12-01,1991,12,1,2205.91849749756,-7.145039836896938
1992-01-01,1992,1,1,2150.57962901611,-2.5086542655237465
1992-02-01,1992,2,1,2208.89225860596,2.711484327438174
1992-03-01,1992,3,1,2231.78550956421,1.0364132007370186
1992-04-01,1992,4,1,2214.16681599274,-0.7894438554227556
1992-05-01,1992,5,1,2219.31505581207,0.23251363818412862
1992-06-01,1992,6,1,2296.44193858643,3.475256141410621
1992-07-01,1992,7,1,2527.28502240143,10.05220641272102
1992-08-01,1992,8,1,2513.46998458252,-0.5466355277088275
1992-09-01,1992,9,1,2419.61418178101,-3.7341127356688597
1992-10-01,1992,10,1,2262.45696237183,-6.49513548864642
1992-11-01,1992,11,1,2161.78909368286,-4.449493199792654
1992-12-01,1992,12,1,2211.95028749237,2.3203555775209717
1993-01-01,1993,1,1,2264.21397077332,2.362787426845836
1993-02-01,1993,2,1,2212.18139313507,-2.298041541563267
1993-03-01,1993,3,1,2152.38020099945,-2.7032680195754777
1993-04-01,1993,4,1,1953.62060192108,-9.234409375540476
1993-05-01,1993,5,1,1799.35169844818,-7.896564119010652
1993-06-01,1993,6,1,1857.87070840454,3.2522274554123376
1993-07-01,1993,7,1,1927.33981992645,3.7391790078636467
1993-08-01,1993,8,1,1951.07137548676,1.2313114332487274
1993-09-01,1993,9,1,1858.24999750519,-4.757456807976201
1993-10-01,1993,10,1,1646.99992897491,-11.368226493415612
1993-11-01,1993,11,1,1632.56810484467,-0.8762492260228849
1993-12-01,1993,12,1,1723.6250736618,5.57752957116564
1994-01-01,1994,1,1,1807.07136699066,4.841325100451255
1994-02-01,1994,2,1,1865.07501472778,3.2098149966104605
1994-03-01,1994,3,1,1913.17391866455,2.578925971178192
1994-04-01,1994,4,1,1881.36846713562,-1.6624443401952238
1994-05-01,1994,5,1,2144.50007046051,13.986181225068961
1994-06-01,1994,6,1,2363.09102303009,10.193096077755781
1994-07-01,1994,7,1,2447.23803404999,3.5608874224405396
1994-08-01,1994,8,1,2409.74997397766,-1.5318518080683075
1994-09-01,1994,9,1,2504.84103139343,3.9460964184100833
1994-10-01,1994,10,1,2546.02375416412,1.6441252061325518
1994-11-01,1994,11,1,2803.54541098175,10.114660414948752
1994-12-01,1994,12,1,2980.69999645081,6.31894831362918
1995-01-01,1995,1,1,3003.26189506836,0.7569328897378158
1995-02-01,1995,2,1,2870.45015814514,-4.422249592728145
1995-03-01,1995,3,1,2919.67397804871,1.7148467031867343
1995-04-01,1995,4,1,2894.88882296448,-0.8489014619637358
1995-05-01,1995,5,1,2771.57125569763,-4.259837762631857
1995-06-01,1995,6,1,2987.68194348755,7.797406880506963
1995-07-01,1995,7,1,3076.4500581665,2.9711366992207333
1995-08-01,1995,8,1,3040.13619641418,-1.1803819683639638
1995-09-01,1995,9,1,2910.42504276428,-4.266623113888568
1995-10-01,1995,10,1,2810.06817431793,-3.448185985612351
1995-11-01,1995,11,1,2981.61903664856,6.104864782231467
1995-12-01,1995,12,1,2918.21064537659,-2.1266429578221
1996-01-01,1996,1,1,2604.99992943115,-10.732971468035357
1996-02-01,1996,2,1,2544.66672335968,-2.3160540386135464
1996-03-01,1996,3,1,2563.34994940033,0.7342111196386059
1996-04-01,1996,4,1,2594.17496803894,1.2025286928076806
1996-05-01,1996,5,1,2658.76193080902,2.4896918506196464
1996-06-01,1996,6,1,2177.59998270721,-18.09721820243605
1996-07-01,1996,7,1,1983.93479971771,-8.893515086675109
1996-08-01,1996,8,1,2017.85720584564,1.7098548870031927
1996-09-01,1996,9,1,1935.07143060913,-4.102657759760375
1996-10-01,1996,10,1,1960.19567519531,1.2983626438157536
1996-11-01,1996,11,1,2215.42864607391,13.02079042966815
1996-12-01,1996,12,1,2264.59527826385,2.2192830392922414
1997-01-01,1997,1,1,2427.27279402924,7.18351386346201
1997-02-01,1997,2,1,2406.63156159363,-0.8503878297645096
1997-03-01,1997,3,1,2420.1842087265,0.5631375965125196
1997-04-01,1997,4,1,2389.31814949341,-1.2753599135882143
1997-05-01,1997,5,1,2513.29993523407,5.189002802617426
1997-06-01,1997,6,1,2611.28570015411,3.898689668764699
1997-07-01,1997,7,1,2449.19570404663,-6.207286935240908
1997-08-01,1997,8,1,2250.10004305115,-8.129022138432163
1997-09-01,1997,9,1,2104.30955452118,-6.479289175617142
1997-10-01,1997,10,1,2050.6955684021,-2.547818404563551
1997-11-01,1997,11,1,1918.49994499359,-6.4463797281971384
1997-12-01,1997,12,1,1761.45239143524,-8.185955593492322
1998-01-01,1998,1,1,1687.60000986328,-4.192698135416806
1998-02-01,1998,2,1,1663.99998604431,-1.3984370514955158
1998-03-01,1998,3,1,1747.15916341095,4.997546758658777
1998-04-01,1998,4,1,1800.12507817535,3.0315449143737627
1998-05-01,1998,5,1,1731.65792903595,-3.803466212958928
1998-06-01,1998,6,1,1656.59518632507,-4.334732712058731
1998-07-01,1998,7,1,1655.66672697449,-0.05604624221078325
1998-08-01,1998,8,1,1619.92507875671,-2.1587465421312846
1998-09-01,1998,9,1,1646.77269191284,1.6573367193460253
1998-10-01,1998,10,1,1585.49992534637,-3.7207786397828513
1998-11-01,1998,11,1,1573.72497511139,-0.7426648243081813
1998-12-01,1998,12,1,1475.76309447174,-6.224841200903997
1999-01-01,1999,1,1,1432.00002842255,-2.965453344993374
1999-02-01,1999,2,1,1412.95,-1.3303092209805967
1999-03-01,1999,3,1,1378.47727272727,-2.439769791764046
1999-04-01,1999,4,1,1463.725,6.18419534070882
1999-05-01,1999,5,1,1510.44736842105,3.192018201578173
1999-06-01,1999,6,1,1422.15909090909,-5.845174042989154
1999-07-01,1999,7,1,1639.18181818182,15.260087894526775
1999-08-01,1999,8,1,1646.7380952381,0.460978579219562
1999-09-01,1999,9,1,1749.68181818182,6.251371923768834
1999-10-01,1999,10,1,1723.28571428571,-1.5086230891705577
1999-11-01,1999,11,1,1726.77272727273,0.20234677036508053
1999-12-01,1999,12,1,1764.88235294118,2.2069856134825816
2000-01-01,2000,1,1,1843.85,4.474385894743649
2000-02-01,2000,2,1,1807.025,-1.9971798139761798
2000-03-01,2000,3,1,1739.8,-3.7202030962493637
2000-04-01,2000,4,1,1681.9075,-3.3275376480055185
2000-05-01,2000,5,1,1785.09782608696,6.13531517559438
2000-06-01,2000,6,1,1752.07272727273,-1.8500442010297546
2000-07-01,2000,7,1,1803.14285714286,2.914840752622516
2000-08-01,2000,8,1,1857.12391304348,2.9937204191438527
2000-09-01,2000,9,1,1961.89285714286,5.6414622289626015
2000-10-01,2000,10,1,1894.37272727273,-3.4415809010315157
2000-11-01,2000,11,1,1795.60227272727,-5.213887062640343
2000-12-01,2000,12,1,1852.4,3.1631574617279945
2001-01-01,2001,1,1,1787.05681818182,-3.527487681827901
2001-02-01,2001,2,1,1766.125,-1.1713012126338795
2001-03-01,2001,3,1,1742.15909090909,-1.3569769461906689
2001-04-01,2001,4,1,1665.97222222222,-4.373129244305385
2001-05-01,2001,5,1,1684.85,1.1331388078367421
2001-06-01,2001,6,1,1610.46904761905,-4.414692843929724
2001-07-01,2001,7,1,1526.77045454545,-5.19715626930809
2001-08-01,2001,8,1,1466.41136363636,-3.953383478792838
2001-09-01,2001,9,1,1427.69736842105,-2.640050137043959
2001-10-01,2001,10,1,1377.37608695652,-3.52464622948645
2001-11-01,2001,11,1,1434.29318181818,4.132284232364247
2001-12-01,2001,12,1,1472.84705882353,2.6880053181649544
2002-01-01,2002,1,1,1508.22727272727,2.4021648202903645
2002-02-01,2002,2,1,1561.3675,3.523356740303374
2002-03-01,2002,3,1,1607.3925,2.947736519429278
2002-04-01,2002,4,1,1588.57142857143,-1.1709070080002215
2002-05-01,2002,5,1,1597.02272727273,0.5320062132113224
2002-06-01,2002,6,1,1650.59444444444,3.354474313787348
2002-07-01,2002,7,1,1588.2847826087,-3.774983130802445
2002-08-01,2002,8,1,1482.91666666667,-6.6340820673838286
2002-09-01,2002,9,1,1478.93333333333,-0.26861477943287415
2002-10-01,2002,10,1,1486.17173913043,0.4894342181595013
2002-11-01,2002,11,1,1581.03571428571,6.383109882763982
2002-12-01,2002,12,1,1592.96428571429,0.7544783031020463
2003-01-01,2003,1,1,1650.31136363636,3.600022827652749
2003-02-01,2003,2,1,1682.145,1.928947292315586
2003-03-01,2003,3,1,1655.69285714286,-1.5725245360619922
2003-04-01,2003,4,1,1587.8675,-4.096493914934351
2003-05-01,2003,5,1,1651.1,3.9822277362563163
2003-06-01,2003,6,1,1685.10714285714,2.0596658504718146
2003-07-01,2003,7,1,1712.82608695652,1.6449365974665398
2003-08-01,2003,8,1,1756.725,2.5629521512883446
2003-09-01,2003,9,1,1789.67045454545,1.8753905446470043
2003-10-01,2003,10,1,1925.58260869565,7.594255903650127
2003-11-01,2003,11,1,2053.275,6.631363968894921
2003-12-01,2003,12,1,2202.03571428571,7.245045806611872
2004-01-01,2004,1,1,2421.47619047619,9.965345919090197
2004-02-01,2004,2,1,2751.7175,13.638015968220918
2004-03-01,2004,3,1,3000.28260869565,9.033089650214809
2004-04-01,2004,4,1,2926.975,-2.4433567852303106
2004-05-01,2004,5,1,2728.46315789474,-6.782150244032148
2004-06-01,2004,6,1,2689.05454545455,-1.4443520091580564
2004-07-01,2004,7,1,2816.8,4.750571339706933
2004-08-01,2004,8,1,2844.20476190476,0.9729040721655702
2004-09-01,2004,9,1,2903.17272727273,2.0732672329990542
2004-10-01,2004,10,1,3009.40476190476,3.65917031508578
2004-11-01,2004,11,1,3130.30909090909,4.01754960099836
2004-12-01,2004,12,1,3139.78571428571,0.30273762434966933
2005-01-01,2005,1,1,3168.1,0.9017903860592424
2005-02-01,2005,2,1,3247.1,2.4936081563081913
2005-03-01,2005,3,1,3378.90476190476,4.059153149110295
2005-04-01,2005,4,1,3389.80952380952,0.322730667869231
2005-05-01,2005,5,1,3241.9,-4.363357963644432
2005-06-01,2005,6,1,3529.72727272727,8.878351359612257
2005-07-01,2005,7,1,3608.47619047619,2.231019896561981
2005-08-01,2005,8,1,3791.90909090909,5.083389518185899
2005-09-01,2005,9,1,3850.65909090909,1.5493514900146277
2005-10-01,2005,10,1,4056.16666666667,5.33694546584913
2005-11-01,2005,11,1,4278.15909090909,5.472961110467667
2005-12-01,2005,12,1,4577.025,6.985853091017291
2006-01-01,2006,1,1,4743.8619047619,3.645094898146728
2006-02-01,2006,2,1,4974.975,4.871834380467699
2006-03-01,2006,3,1,5123.67391304348,2.988937895034227
2006-04-01,2006,4,1,6404.44444444444,24.99711248486105
2006-05-01,2006,5,1,8059.19047619048,25.83746406265506
2006-06-01,2006,6,1,7222.77272727273,-10.37843380658151
2006-07-01,2006,7,1,7726.7380952381,6.977450170381649
2006-08-01,2006,8,1,7690.25,-0.47223155215506685
2006-09-01,2006,9,1,7622.64285714286,-0.8791280238892196
2006-10-01,2006,10,1,7497.40909090909,-1.6429179299200403
2006-11-01,2006,11,1,7029.29545454546,-6.243672056407279
2006-12-01,2006,12,1,6680.97368421053,-4.9552870922460635
2007-01-01,2007,1,1,5689.34090909091,-14.8426385432889
2007-02-01,2007,2,1,5718.15,0.5063695666936763
2007-03-01,2007,3,1,6465.29545454545,13.066209430418073
2007-04-01,2007,4,1,7753.34210526316,19.92247159891423
2007-05-01,2007,5,1,7677.95238095238,-0.9723513200791678
2007-06-01,2007,6,1,7514.2380952381,-2.1322649267847216
2007-07-01,2007,7,1,7980.93181818182,6.210792325564873
2007-08-01,2007,8,1,7500.20454545455,-6.023447934138437
2007-09-01,2007,9,1,7671.35,2.2818771609258715
2007-10-01,2007,10,1,8020.58695652174,4.552483676559405
2007-11-01,2007,11,1,6957.43181818182,-13.255328370643028
2007-12-01,2007,12,1,6630.73611111111,-4.695636487833877
2008-01-01,2008,1,1,7078.90909090909,6.7590230147596575
2008-02-01,2008,2,1,7941.14285714286,12.180319808613893
2008-03-01,2008,3,1,8434.31578947368,6.210352101740924
2008-04-01,2008,4,1,8714.18181818182,3.318182952758564
2008-05-01,2008,5,1,8356.125,-4.1088977215823945
2008-06-01,2008,6,1,8292.0,-0.7674011578333251
2008-07-01,2008,7,1,8407.02173913043,1.3871410893684377
2008-08-01,2008,8,1,7633.8,-9.197332457598806
2008-09-01,2008,9,1,6975.11363636364,-8.6285514899049
2008-10-01,2008,10,1,4894.89130434783,-29.823490203383972
2008-11-01,2008,11,1,3729.1875,-23.814702551462318
2008-12-01,2008,12,1,3105.09523809524,-16.73534146257758
2009-01-01,2009,1,1,3260.35714285714,5.000230036652353
2009-02-01,2009,2,1,3328.4125,2.0873589659328395
2009-03-01,2009,3,1,3770.875,13.29349952867922
2009-04-01,2009,4,1,4436.925,17.6630092485166
2009-05-01,2009,5,1,4594.90277777778,3.5605239614773687
2009-06-01,2009,6,1,5013.29761904762,9.105629901318334
2009-07-01,2009,7,1,5240.82954545455,4.538568098220219
2009-08-01,2009,8,1,6176.875,17.860635352227728
2009-09-01,2009,9,1,6195.75,0.3055752301932557
2009-10-01,2009,10,1,6305.98863636364,1.779262177519092
2009-11-01,2009,11,1,6682.44047619048,5.969751319500016
2009-12-01,2009,12,1,6976.97619047619,4.407607001291525
2010-01-01,2010,1,1,7367.394999999999,5.595816853391922
2010-02-01,2010,2,1,6867.6900000000005,-6.782655199022159
2010-03-01,2010,3,1,7466.960869565216,8.72594525328334
2010-04-01,2010,4,1,7729.854999999999,3.5207648068214636
2010-05-01,2010,5,1,6843.184210526317,-11.470729909858356
2010-06-01,2010,6,1,6501.5,-4.993058786883619
2010-07-01,2010,7,1,6750.568181818182,3.8309341200981617
2010-08-01,2010,8,1,7302.666666666667,8.178548382571616
2010-09-01,2010,9,1,7729.590909090909,5.846141716599984
2010-10-01,2010,10,1,8289.761904761905,7.247097579409645
2010-11-01,2010,11,1,8458.420454545454,2.0345403368782655
2010-12-01,2010,12,1,9152.857142857143,8.210004362439882
2011-01-01,2011,1,1,9533.2,4.1554549711253275
2011-02-01,2011,2,1,9880.9375,3.6476471698904778
2011-03-01,2011,3,1,9503.358695652174,-3.821285220636461
2011-04-01,2011,4,1,9482.75,-0.21685696933235743
2011-05-01,2011,5,1,8931.675,-5.8113416466742285
2011-06-01,2011,6,1,9066.852272727272,1.5134593760663284
2011-07-01,2011,7,1,9650.464285714286,6.43676543338525
2011-08-01,2011,8,1,8997.988636363636,-6.76108040020954
2011-09-01,2011,9,1,8300.136363636364,-7.755647411100708
2011-10-01,2011,10,1,7394.190476190476,-10.91483136849314
2011-11-01,2011,11,1,7581.022727272727,2.526743822516564
2011-12-01,2011,12,1,7558.875,-0.292146957864281
2012-01-01,2012,1,1,8061.916666666667,6.654980624321305
2012-02-01,2012,2,1,8441.488095238095,4.708203325157512
2012-03-01,2012,3,1,8470.78409090909,0.3470477638595648
2012-04-01,2012,4,1,8285.526315789473,-2.187020388330252
2012-05-01,2012,5,1,7896.909090909091,-4.690314291076558
2012-06-01,2012,6,1,7428.289473684211,-5.934215676413879
2012-07-01,2012,7,1,7584.261363636364,2.0997012906498247
2012-08-01,2012,8,1,7510.431818181818,-0.9734572941872854
2012-09-01,2012,9,1,8087.7425,7.6867841396360825
2012-10-01,2012,10,1,8062.032608695652,-0.31788711503053513
2012-11-01,2012,11,1,7711.227272727273,-4.351326185284876
2012-12-01,2012,12,1,7966.486842105263,3.3102327340393867
2013-01-01,2013,1,1,8053.738636363636,1.0952355283789794
2013-02-01,2013,2,1,8060.925,0.08923015708401927
2013-03-01,2013,3,1,7652.375,-5.068276903705227
2013-04-01,2013,4,1,7221.161904761904,-5.635023051511401
2013-05-01,2013,5,1,7248.714285714285,0.381550522142593
2013-06-01,2013,6,1,7000.2375,-3.427873908673451
2013-07-01,2013,7,1,6906.641304347826,-1.337043145352912
2013-08-01,2013,8,1,7186.25,4.048403316908278
2013-09-01,2013,9,1,7159.269047619047,-0.3754524596410125
2013-10-01,2013,10,1,7203.021739130435,0.6111335000873908
2013-11-01,2013,11,1,7070.6547619047615,-1.8376589995083514
2013-12-01,2013,12,1,7214.9,2.040054888161169
2014-01-01,2014,1,1,7291.465909090909,1.061219269718361
2014-02-01,2014,2,1,7149.2125,-1.950957610780979
2014-03-01,2014,3,1,6650.035714285715,-6.98226253191222
2014-04-01,2014,4,1,6673.5625,0.3537843513192751
2014-05-01,2014,5,1,6891.125,3.260065369883036
2014-06-01,2014,6,1,6821.142857142857,-1.0155401746034687
2014-07-01,2014,7,1,7113.380434782609,4.284290532542223
2014-08-01,2014,8,1,7001.8375,-1.5680721114983975
2014-09-01,2014,9,1,6872.215909090909,-1.8512510595838694
2014-10-01,2014,10,1,6737.478260869565,-1.9606143055416303
2014-11-01,2014,11,1,6712.85,-0.36554122946269585
2014-12-01,2014,12,1,6446.452380952381,-3.968472691146374
2015-01-01,2015,1,1,5830.535714285715,-9.554350676451783
2015-02-01,2015,2,1,5729.275,-1.7367308811368831
2015-03-01,2015,3,1,5939.670454545455,3.672287585173617
2015-04-01,2015,4,1,6042.0875,1.7242883462695868
2015-05-01,2015,5,1,6294.776315789473,4.1821442637080875
2015-06-01,2015,6,1,5833.011363636364,-7.335684843873535
2015-07-01,2015,7,1,5456.75,-6.45055084209194
2015-08-01,2015,8,1,5127.3,-6.037476519906537
2015-09-01,2015,9,1,5217.25,1.7543346400639592
2015-10-01,2015,10,1,5216.090909090909,-0.022216510788075627
2015-11-01,2015,11,1,4799.9047619047615,-7.9788898322457165
2015-12-01,2015,12,1,4638.833333333333,-3.3557213436774536
2016-01-01,2016,1,1,4471.7875,-3.6010311500736414
2016-02-01,2016,2,1,4598.619047619048,2.8362606143303326
2016-03-01,2016,3,1,4953.797619047619,7.723591968603416
2016-04-01,2016,4,1,4872.738095238095,-1.6363107668719734
2016-05-01,2016,5,1,4694.5375,-3.657093645403231
2016-06-01,2016,6,1,4641.965909090909,-1.1198460105833918
2016-07-01,2016,7,1,4864.9047619047615,4.802681820158239
2016-08-01,2016,8,1,4751.670454545455,-2.3275750071409806
2016-09-01,2016,9,1,4722.204545454545,-0.6201168488593867
2016-10-01,2016,10,1,4731.261904761905,0.1918036209608509
2016-11-01,2016,11,1,5450.931818181818,15.21095064924609
2016-12-01,2016,12,1,5660.35,3.8418785778912
2017-01-01,2017,1,1,5754.559523809524,1.6643762984536847
2017-02-01,2017,2,1,5940.9125,3.2383534381639434
2017-03-01,2017,3,1,5824.630434782609,-1.957309844529631
2017-04-01,2017,4,1,5683.902777777777,-2.4160787294667863
2017-05-01,2017,5,1,5599.559523809524,-1.4838968445767264
2017-06-01,2017,6,1,5719.761363636364,2.146630271822958
1980-03-01,1980,3,2,12.15,0.0
1980-04-01,1980,4,2,12.15,0.0
1980-05-01,1980,5,2,12.15,0.0
1980-06-01,1980,6,2,12.15,0.0
1980-07-01,1980,7,2,12.15,0.0
1980-08-01,1980,8,2,12.15,0.0
1980-09-01,1980,9,2,12.15,0.0
1980-10-01,1980,10,2,12.15,0.0
1980-11-01,1980,11,2,12.15,0.0
1980-12-01,1980,12,2,12.15,0.0
1981-01-01,1981,1,2,12.15,0.0
1981-02-01,1981,2,2,12.15,0.0
1981-03-01,1981,3,2,12.15,0.0
1981-04-01,1981,4,2,12.15,0.0
1981-05-01,1981,5,2,12.15,0.0
1981-06-01,1981,6,2,12.15,0.0
1981-07-01,1981,7,2,12.15,0.0
1981-08-01,1981,8,2,12.15,0.0
1981-09-01,1981,9,2,12.15,0.0
1981-10-01,1981,10,2,12.15,0.0
1981-11-01,1981,11,2,12.15,0.0
1981-12-01,1981,12,2,12.15,0.0
1982-01-01,1982,1,2,14.05,15.637860082304522
1982-02-01,1982,2,2,14.05,0.0
1982-03-01,1982,3,2,14.05,0.0
1982-04-01,1982,4,2,14.05,0.0
1982-05-01,1982,5,2,14.05,0.0
1982-06-01,1982,6,2,14.05,0.0
1982-07-01,1982,7,2,14.05,0.0
1982-08-01,1982,8,2,14.05,0.0
1982-09-01,1982,9,2,14.05,0.0
1982-10-01,1982,10,2,14.05,0.0
1982-11-01,1982,11,2,14.05,0.0
1982-12-01,1982,12,2,14.05,0.0
1983-01-01,1983,1,2,12.54,-10.747330960854107
1983-02-01,1983,2,2,12.54,0.0
1983-03-01,1983,3,2,12.54,0.0
1983-04-01,1983,4,2,12.54,0.0
1983-05-01,1983,5,2,12.54,0.0
1983-06-01,1983,6,2,12.54,0.0
1983-07-01,1983,7,2,12.54,0.0
1983-08-01,1983,8,2,12.54,0.0
1983-09-01,1983,9,2,12.54,0.0
1983-10-01,1983,10,2,12.54,0.0
1983-11-01,1983,11,2,12.54,0.0
1983-12-01,1983,12,2,12.54,0.0
1984-01-01,1984,1,2,11.31,-9.808612440191379
1984-02-01,1984,2,2,11.31,0.0
1984-03-01,1984,3,2,11.31,0.0
1984-04-01,1984,4,2,11.31,0.0
1984-05-01,1984,5,2,11.31,0.0
1984-06-01,1984,6,2,11.31,0.0
1984-07-01,1984,7,2,11.31,0.0
1984-08-01,1984,8,2,11.31,0.0
1984-09-01,1984,9,2,11.31,0.0
1984-10-01,1984,10,2,11.31,0.0
1984-11-01,1984,11,2,11.31,0.0
1984-12-01,1984,12,2,11.31,0.0
1985-01-01,1985,1,2,11.49,1.5915119363395291
1985-02-01,1985,2,2,11.49,0.0
1985-03-01,1985,3,2,11.49,0.0
1985-04-01,1985,4,2,11.49,0.0
1985-05-01,1985,5,2,11.49,0.0
1985-06-01,1985,6,2,11.49,0.0
1985-07-01,1985,7,2,11.49,0.0
1985-08-01,1985,8,2,11.49,0.0
1985-09-01,1985,9,2,11.49,0.0
1985-10-01,1985,10,2,11.49,0.0
1985-11-01,1985,11,2,11.49,0.0
1985-12-01,1985,12,2,11.49,0.0
1986-01-01,1986,1,2,11.36,-1.1314186248912117
1986-02-01,1986,2,2,11.36,0.0
1986-03-01,1986,3,2,11.36,0.0
1986-04-01,1986,4,2,11.36,0.0
1986-05-01,1986,5,2,11.36,0.0
1986-06-01,1986,6,2,11.36,0.0
1986-07-01,1986,7,2,11.36,0.0
1986-08-01,1986,8,2,11.36,0.0
1986-09-01,1986,9,2,11.36,0.0
1986-10-01,1986,10,2,11.36,0.0
1986-11-01,1986,11,2,11.36,0.0
1986-12-01,1986,12,2,11.36,0.0
1987-01-01,1987,1,2,10.94,-3.69718309859155
1987-02-01,1987,2,2,10.94,0.0
1987-03-01,1987,3,2,10.94,0.0
1987-04-01,1987,4,2,10.94,0.0
1987-05-01,1987,5,2,10.94,0.0
1987-06-01,1987,6,2,10.94,0.0
1987-07-01,1987,7,2,10.94,0.0
1987-08-01,1987,8,2,10.94,0.0
1987-09-01,1987,9,2,10.94,0.0
1987-10-01,1987,10,2,10.94,0.0
1987-11-01,1987,11,2,10.94,0.0
1987-12-01,1987,12,2,10.94,0.0
1988-01-01,1988,1,2,10.51,-3.9305301645338186
1988-02-01,1988,2,2,10.51,0.0
1988-03-01,1988,3,2,10.51,0.0
1988-04-01,1988,4,2,10.51,0.0
1988-05-01,1988,5,2,10.51,0.0
1988-06-01,1988,6,2,10.51,0.0
1988-07-01,1988,7,2,10.51,0.0
1988-08-01,1988,8,2,10.51,0.0
1988-09-01,1988,9,2,10.51,0.0
1988-10-01,1988,10,2,10.51,0.0
1988-11-01,1988,11,2,10.51,0.0
1988-12-01,1988,12,2,10.51,0.0
1989-01-01,1989,1,2,12.03,14.46241674595623
1989-02-01,1989,2,2,12.03,0.0
1989-03-01,1989,3,2,12.03,0.0
1989-04-01,1989,4,2,12.03,0.0
1989-05-01,1989,5,2,12.03,0.0
1989-06-01,1989,6,2,12.03,0.0
1989-07-01,1989,7,2,12.03,0.0
1989-08-01,1989,8,2,12.03,0.0
1989-09-01,1989,9,2,12.03,0.0
1989-10-01,1989,10,2,12.03,0.0
1989-11-01,1989,11,2,12.03,0.0
1989-12-01,1989,12,2,12.03,0.0
1990-01-01,1990,1,2,14.05,16.79135494596842
1990-02-01,1990,2,2,14.05,0.0
1990-03-01,1990,3,2,14.05,0.0
1990-04-01,1990,4,2,14.05,0.0
1990-05-01,1990,5,2,14.05,0.0
1990-06-01,1990,6,2,14.05,0.0
1990-07-01,1990,7,2,14.05,0.0
1990-08-01,1990,8,2,14.05,0.0
1990-09-01,1990,9,2,14.05,0.0
1990-10-01,1990,10,2,14.05,0.0
1990-11-01,1990,11,2,14.05,0.0
1990-12-01,1990,12,2,14.05,0.0
1991-01-01,1991,1,2,15.03,6.975088967971521
1991-02-01,1991,2,2,15.03,0.0
1991-03-01,1991,3,2,15.03,0.0
1991-04-01,1991,4,2,15.03,0.0
1991-05-01,1991,5,2,15.03,0.0
1991-06-01,1991,6,2,15.03,0.0
1991-07-01,1991,7,2,15.03,0.0
1991-08-01,1991,8,2,15.03,0.0
1991-09-01,1991,9,2,15.03,0.0
1991-10-01,1991,10,2,15.03,0.0
1991-11-01,1991,11,2,15.03,0.0
1991-12-01,1991,12,2,15.03,0.0
1992-01-01,1992,1,2,14.31,-4.79041916167664
1992-02-01,1992,2,2,14.31,0.0
1992-03-01,1992,3,2,14.31,0.0
1992-04-01,1992,4,2,14.31,0.0
1992-05-01,1992,5,2,14.31,0.0
1992-06-01,1992,6,2,14.31,0.0
1992-07-01,1992,7,2,14.31,0.0
1992-08-01,1992,8,2,14.31,0.0
1992-09-01,1992,9,2,14.31,0.0
1992-10-01,1992,10,2,14.31,0.0
1992-11-01,1992,11,2,14.31,0.0
1992-12-01,1992,12,2,14.31,0.0
1993-01-01,1993,1,2,12.58,-12.089447938504549
1993-02-01,1993,2,2,12.58,0.0
1993-03-01,1993,3,2,12.58,0.0
1993-04-01,1993,4,2,12.58,0.0
1993-05-01,1993,5,2,12.58,0.0
1993-06-01,1993,6,2,12.58,0.0
1993-07-01,1993,7,2,12.58,0.0
1993-08-01,1993,8,2,12.58,0.0
1993-09-01,1993,9,2,12.58,0.0
1993-10-01,1993,10,2,12.58,0.0
1993-11-01,1993,11,2,12.58,0.0
1993-12-01,1993,12,2,12.58,0.0
1994-01-01,1994,1,2,11.45,-8.982511923688396
1994-02-01,1994,2,2,11.45,0.0
1994-03-01,1994,3,2,11.45,0.0
1994-04-01,1994,4,2,11.45,0.0
1994-05-01,1994,5,2,11.45,0.0
1994-06-01,1994,6,2,11.45,0.0
1994-07-01,1994,7,2,11.45,0.0
1994-08-01,1994,8,2,11.45,0.0
1994-09-01,1994,9,2,11.45,0.0
1994-10-01,1994,10,2,11.45,0.0
1994-11-01,1994,11,2,11.45,0.0
1994-12-01,1994,12,2,11.45,0.0
1995-01-01,1995,1,2,12.27,7.1615720524017545
1995-02-01,1995,2,2,12.27,0.0
1995-03-01,1995,3,2,12.27,0.0
1995-04-01,1995,4,2,12.27,0.0
1995-05-01,1995,5,2,12.27,0.0
1995-06-01,1995,6,2,12.27,0.0
1995-07-01,1995,7,2,12.27,0.0
1995-08-01,1995,8,2,12.27,0.0
1995-09-01,1995,9,2,12.27,0.0
1995-10-01,1995,10,2,12.27,0.0
1995-11-01,1995,11,2,12.27,0.0
1995-12-01,1995,12,2,12.27,0.0
1996-01-01,1996,1,2,12.97,5.7049714751426395
1996-02-01,1996,2,2,12.97,0.0
1996-03-01,1996,3,2,12.97,0.0
1996-04-01,1996,4,2,12.97,0.0
1996-05-01,1996,5,2,12.97,0.0
1996-06-01,1996,6,2,12.97,0.0
1996-07-01,1996,7,2,12.97,0.0
1996-08-01,1996,8,2,12.97,0.0
1996-09-01,1996,9,2,12.97,0.0
1996-10-01,1996,10,2,12.97,0.0
1996-11-01,1996,11,2,12.97,0.0
1996-12-01,1996,12,2,12.97,0.0
1997-01-01,1997,1,2,13.04,0.5397070161911932
1997-02-01,1997,2,2,13.04,0.0
1997-03-01,1997,3,2,13.04,0.0
1997-04-01,1997,4,2,13.04,0.0
1997-05-01,1997,5,2,13.04,0.0
1997-06-01,1997,6,2,13.04,0.0
1997-07-01,1997,7,2,13.04,0.0
1997-08-01,1997,8,2,13.04,0.0
1997-09-01,1997,9,2,13.04,0.0
1997-10-01,1997,10,2,13.04,0.0
1997-11-01,1997,11,2,13.04,0.0
1997-12-01,1997,12,2,13.04,0.0
1998-01-01,1998,1,2,13.41,2.837423312883436
1998-02-01,1998,2,2,13.41,0.0
1998-03-01,1998,3,2,13.41,0.0
1998-04-01,1998,4,2,13.41,0.0
1998-05-01,1998,5,2,13.41,0.0
1998-06-01,1998,6,2,13.41,0.0
1998-07-01,1998,7,2,13.41,0.0
1998-08-01,1998,8,2,13.41,0.0
1998-09-01,1998,9,2,13.41,0.0
1998-10-01,1998,10,2,13.41,0.0
1998-11-01,1998,11,2,13.41,0.0
1998-12-01,1998,12,2,13.41,0.0
1999-01-01,1999,1,2,11.93,-11.036539895600306
1999-02-01,1999,2,2,11.93,0.0
1999-03-01,1999,3,2,11.93,0.0
1999-04-01,1999,4,2,11.93,0.0
1999-05-01,1999,5,2,11.93,0.0
1999-06-01,1999,6,2,11.93,0.0
1999-07-01,1999,7,2,11.93,0.0
1999-08-01,1999,8,2,11.93,0.0
1999-09-01,1999,9,2,11.93,0.0
1999-10-01,1999,10,2,11.93,0.0
1999-11-01,1999,11,2,11.93,0.0
1999-12-01,1999,12,2,11.93,0.0
2000-01-01,2000,1,2,12.45,4.358759430008385
2000-02-01,2000,2,2,12.45,0.0
2000-03-01,2000,3,2,12.45,0.0
2000-04-01,2000,4,2,12.45,0.0
2000-05-01,2000,5,2,12.45,0.0
2000-06-01,2000,6,2,12.45,0.0
2000-07-01,2000,7,2,12.45,0.0
2000-08-01,2000,8,2,12.45,0.0
2000-09-01,2000,9,2,12.45,0.0
2000-10-01,2000,10,2,12.45,0.0
2000-11-01,2000,11,2,12.45,0.0
2000-12-01,2000,12,2,12.45,0.0
2001-01-01,2001,1,2,12.99,4.337349397590362
2001-02-01,2001,2,2,12.99,0.0
2001-03-01,2001,3,2,12.99,0.0
2001-04-01,2001,4,2,12.99,0.0
2001-05-01,2001,5,2,12.99,0.0
2001-06-01,2001,6,2,12.99,0.0
2001-07-01,2001,7,2,12.99,0.0
2001-08-01,2001,8,2,12.99,0.0
2001-09-01,2001,9,2,12.99,0.0
2001-10-01,2001,10,2,12.99,0.0
2001-11-01,2001,11,2,12.99,0.0
2001-12-01,2001,12,2,12.99,0.0
2002-01-01,2002,1,2,12.68,-2.386451116243271
2002-02-01,2002,2,2,12.68,0.0
2002-03-01,2002,3,2,12.68,0.0
2002-04-01,2002,4,2,12.68,0.0
2002-05-01,2002,5,2,12.68,0.0
2002-06-01,2002,6,2,12.68,0.0
2002-07-01,2002,7,2,12.68,0.0
2002-08-01,2002,8,2,12.68,0.0
2002-09-01,2002,9,2,12.68,0.0
2002-10-01,2002,10,2,12.68,0.0
2002-11-01,2002,11,2,12.68,0.0
2002-12-01,2002,12,2,12.68,0.0
2003-01-01,2003,1,2,13.82,8.990536277602533
2003-02-01,2003,2,2,13.82,0.0
2003-03-01,2003,3,2,13.82,0.0
2003-04-01,2003,4,2,13.82,0.0
2003-05-01,2003,5,2,13.82,0.0
2003-06-01,2003,6,2,13.82,0.0
2003-07-01,2003,7,2,13.82,0.0
2003-08-01,2003,8,2,13.82,0.0
2003-09-01,2003,9,2,13.82,0.0
2003-10-01,2003,10,2,13.82,0.0
2003-11-01,2003,11,2,13.82,0.0
2003-12-01,2003,12,2,13.82,0.0
2004-01-01,2004,1,2,16.39,18.596237337192466
2004-02-01,2004,2,2,16.39,0.0
2004-03-01,2004,3,2,16.39,0.0
2004-04-01,2004,4,2,16.39,0.0
2004-05-01,2004,5,2,16.39,0.0
2004-06-01,2004,6,2,16.39,0.0
2004-07-01,2004,7,2,16.39,0.0
2004-08-01,2004,8,2,16.39,0.0
2004-09-01,2004,9,2,16.39,0.0
2004-10-01,2004,10,2,16.39,0.0
2004-11-01,2004,11,2,16.39,0.0
2004-12-01,2004,12,2,16.39,0.0
2005-01-01,2005,1,2,28.11,71.5070164734594
2005-02-01,2005,2,2,28.11,0.0
2005-03-01,2005,3,2,28.11,0.0
2005-04-01,2005,4,2,28.11,0.0
2005-05-01,2005,5,2,28.11,0.0
2005-06-01,2005,6,2,28.11,0.0
2005-07-01,2005,7,2,28.11,0.0
2005-08-01,2005,8,2,28.11,0.0
2005-09-01,2005,9,2,28.11,0.0
2005-10-01,2005,10,2,28.11,0.0
2005-11-01,2005,11,2,28.11,0.0
2005-12-01,2005,12,2,28.11,0.0
2006-01-01,2006,1,2,33.45,18.996798292422646
2006-02-01,2006,2,2,33.45,0.0
2006-03-01,2006,3,2,33.45,0.0
2006-04-01,2006,4,2,33.45,0.0
2006-05-01,2006,5,2,33.45,0.0
2006-06-01,2006,6,2,33.45,0.0
2006-07-01,2006,7,2,33.45,0.0
2006-08-01,2006,8,2,33.45,0.0
2006-09-01,2006,9,2,33.45,0.0
2006-10-01,2006,10,2,33.45,0.0
2006-11-01,2006,11,2,33.45,0.0
2006-12-01,2006,12,2,33.45,0.0
2007-01-01,2007,1,2,36.63,9.506726457399095
2007-02-01,2007,2,2,36.63,0.0
2007-03-01,2007,3,2,36.63,0.0
2007-04-01,2007,4,2,36.63,0.0
2007-05-01,2007,5,2,36.63,0.0
2007-06-01,2007,6,2,36.63,0.0
2007-07-01,2007,7,2,36.63,0.0
2007-08-01,2007,8,2,36.63,0.0
2007-09-01,2007,9,2,36.63,0.0
2007-10-01,2007,10,2,36.63,0.0
2007-11-01,2007,11,2,36.63,0.0
2007-12-01,2007,12,2,36.63,0.0
2008-01-01,2008,1,2,60.8,65.98416598416597
2008-02-01,2008,2,2,60.8,0.0
2008-03-01,2008,3,2,60.8,0.0
2008-04-01,2008,4,2,60.8,0.0
2008-05-01,2008,5,2,60.8,0.0
2008-06-01,2008,6,2,60.8,0.0
2008-07-01,2008,7,2,60.8,0.0
2008-08-01,2008,8,2,60.8,0.0
2008-09-01,2008,9,2,60.8,0.0
2008-10-01,2008,10,2,60.8,0.0
2008-11-01,2008,11,2,60.8,0.0
2008-12-01,2008,12,2,69.98260869565216,15.10297482837526
2009-01-01,2009,1,2,72.50909090909092,3.61015723838789
2009-02-01,2009,2,2,75.58999999999999,4.2489969909728975
2009-03-01,2009,3,2,64.07272727272728,-15.236503144956625
2009-04-01,2009,4,2,59.78181818181815,-6.696935300794604
2009-05-01,2009,5,2,62.69047619047621,4.865455914726069
2009-06-01,2009,6,2,71.65909090909092,14.306183751683154
2009-07-01,2009,7,2,83.95217391304348,17.154952495208132
2009-08-01,2009,8,2,97.66666666666669,16.33607816734859
2009-09-01,2009,9,2,80.71363636363637,-17.35805150480919
2009-10-01,2009,10,2,86.78636363636363,7.523793433575476
2009-11-01,2009,11,2,99.25714285714288,14.369514631390757
2009-12-01,2009,12,2,105.24782608695654,6.035518510174964
2010-01-01,2010,1,2,125.91428571428573,19.635996671564882
2010-02-01,2010,2,2,127.615,1.3506920807805578
2010-03-01,2010,3,2,139.7695652173913,9.524401690546803
2010-04-01,2010,4,2,172.46818181818185,23.394661455755838
2010-05-01,2010,5,2,161.34761904761902,-6.447892389963428
2010-06-01,2010,6,2,143.63181818181818,-10.979896059434457
2010-07-01,2010,7,2,126.36363636363636,-12.022532358618943
2010-08-01,2010,8,2,145.3409090909091,15.017985611510799
2010-09-01,2010,9,2,140.62727272727273,-3.24315871774824
2010-10-01,2010,10,2,148.4809523809524,5.584748606275558
2010-11-01,2010,11,2,160.55,8.128347391039403
2010-12-01,2010,12,2,168.52608695652177,4.967976927139062
2011-01-01,2011,1,2,179.63,6.58883929723173
2011-02-01,2011,2,2,187.18000000000004,4.203084117352351
2011-03-01,2011,3,2,169.35652173913047,-9.52210613359844
2011-04-01,2011,4,2,179.26111111111115,5.84836608018986
2011-05-01,2011,5,2,177.095,-1.2083552855859159
2011-06-01,2011,6,2,170.87727272727273,-3.510955855742548
2011-07-01,2011,7,2,172.97619047619045,1.228318848620491
2011-08-01,2011,8,2,177.45000000000005,2.5863730213351976
2011-09-01,2011,9,2,177.22727272727272,-0.12551551013092466
2011-10-01,2011,10,2,150.43333333333334,-15.118406428998888
2011-11-01,2011,11,2,135.5409090909091,-9.899683741917276
2011-12-01,2011,12,2,136.45499999999998,0.6744022267681338
2012-01-01,2012,1,2,140.3476190476191,2.8526760086615477
2012-02-01,2012,2,2,140.39523809523808,0.033929359074358345
2012-03-01,2012,3,2,144.66363636363633,3.040272822859391
2012-04-01,2012,4,2,147.64736842105265,2.0625308007025334
2012-05-01,2012,5,2,136.27272727272728,-7.703924065810497
2012-06-01,2012,6,2,134.62105263157895,-1.2120360942382669
2012-07-01,2012,7,2,127.93636363636364,-4.96555989166827
2012-08-01,2012,8,2,107.79545454545456,-15.742911959070549
2012-09-01,2012,9,2,99.47,-7.72338182584863
2012-10-01,2012,10,2,113.94782608695652,14.554967414252062
2012-11-01,2012,11,2,120.34545454545454,5.614524364524365
2012-12-01,2012,12,2,128.8736842105263,7.086457645852051
2013-01-01,2013,1,2,150.4909090909091,16.773963600721764
2013-02-01,2013,2,2,154.63888888888889,2.7562992495939076
2013-03-01,2013,3,2,139.87,-9.550565834381175
2013-04-01,2013,4,2,137.39090909090908,-1.7724250440344091
2013-05-01,2013,5,2,124.00952380952384,-9.739643889051653
2013-06-01,2013,6,2,114.81499999999998,-7.414369096075612
2013-07-01,2013,7,2,127.19130434782608,10.77934446529294
2013-08-01,2013,8,2,137.055,7.755007862172714
2013-09-01,2013,9,2,134.18571428571428,-2.09352866680218
2013-10-01,2013,10,2,132.5727272727273,-1.202055689439896
2013-11-01,2013,11,2,136.3238095238095,2.829452428300372
2013-12-01,2013,12,2,135.7904761904762,-0.39122537375992916
2014-01-01,2014,1,2,128.11904761904762,-5.649459952307478
2014-02-01,2014,2,2,121.37000000000003,-5.267794090317757
2014-03-01,2014,3,2,111.83333333333336,-7.857515585949304
2014-04-01,2014,4,2,114.5809523809524,2.456887374920158
2014-05-01,2014,5,2,100.56,-12.236721802011486
2014-06-01,2014,6,2,92.85238095238094,-7.664696745842347
2014-07-01,2014,7,2,96.2608695652174,3.67086829424923
2014-08-01,2014,8,2,94.14285714285714,-2.2002839076009972
2014-09-01,2014,9,2,84.52272727272727,-10.218650848392885
2014-10-01,2014,10,2,81.30434782608695,-3.8077089446672208
2014-11-01,2014,11,2,74.425,-8.461229946524062
2014-12-01,2014,12,2,68.67391304347827,-7.727359027909619
2015-01-01,2015,1,2,69.06818181818181,0.574117240783889
2015-02-01,2015,2,2,63.8,-7.62750904902928
2015-03-01,2015,3,2,58.18181818181818,-8.805927614705045
2015-04-01,2015,4,2,52.11363636363637,-10.429687499999996
2015-05-01,2015,5,2,60.42857142857143,15.955392187402651
2015-06-01,2015,6,2,61.84090909090909,2.337201805286915
2015-07-01,2015,7,2,52.17391304347826,-15.632040650016787
2015-08-01,2015,8,2,57.333333333333336,9.888888888888903
2015-09-01,2015,9,2,56.97727272727273,-0.6210359408033828
2015-10-01,2015,10,2,53.65909090909091,-5.823693657758278
2015-11-01,2015,11,2,47.19047619047619,-12.055021076622086
2015-12-01,2015,12,2,40.88260869565217,-13.366823147457552
2016-01-01,2016,1,2,42.204761904761895,3.234023589229351
2016-02-01,2016,2,2,46.48571428571427,10.14329233893716
2016-03-01,2016,3,2,56.53913043478259,21.626893990005613
2016-04-01,2016,4,2,60.966666666666654,7.830923818312319
2016-05-01,2016,5,2,55.88636363636363,-8.332919131169525
2016-06-01,2016,6,2,52.34090909090909,-6.344042293615281
2016-07-01,2016,7,2,57.30952380952381,9.492794078117562
2016-08-01,2016,8,2,60.869565217391305,6.2119542638319425
2016-09-01,2016,9,2,57.65909090909091,-5.274350649350657
2016-10-01,2016,10,2,58.95238095238095,2.242994162584222
2016-11-01,2016,11,2,74.13636363636364,25.75635188720813
2016-12-01,2016,12,2,79.43181818181819,7.14285714285714
2017-01-01,2017,1,2,80.81818181818181,1.7453505007152925
2017-02-01,2017,2,2,88.8,9.876265466816658
2017-03-01,2017,3,2,87.19565217391305,-1.806698002350171
2017-04-01,2017,4,2,70.4,-19.26202941909748
2017-05-01,2017,5,2,61.630434782608695,-12.456768774703564
2017-06-01,2017,6,2,57.86363636363637,-6.111912778579443
1980-03-01,1980,3,3,1978.37890625,-7.162319411416307
1980-04-01,1980,4,3,1932.45556640625,-2.3212610940538836
1980-05-01,1980,5,3,1775.8037109375,-8.106362608899332
1980-06-01,1980,6,3,1668.96044921875,-6.016614396100362
1980-07-01,1980,7,3,1758.07495117188,5.339521496440791
1980-08-01,1980,8,3,1783.62719726563,1.4534218849268976
1980-09-01,1980,9,3,1655.06567382813,-7.207869650933207
1980-10-01,1980,10,3,1626.15209960938,-1.7469744358768247
1980-11-01,1980,11,3,1503.91015625,-7.5172515159402264
1980-12-01,1980,12,3,1430.65673828125,-4.870863971781891
1981-01-01,1981,1,3,1430.82958984375,0.012081973115907196
1981-02-01,1981,2,3,1452.38110351563,1.5062250476825412
1981-03-01,1981,3,3,1442.95190429688,-0.649223485208239
1981-04-01,1981,4,3,1369.23461914063,-5.1087832475033785
1981-05-01,1981,5,3,1296.99584960938,-5.275850356207689
1981-06-01,1981,6,3,1232.40673828125,-4.9799011575544005
1981-07-01,1981,7,3,1175.31127929688,-4.632842162482575
1981-08-01,1981,8,3,1230.82885742188,4.723648883741927
1981-09-01,1981,9,3,1168.9111328125,-5.030571410153173
1981-10-01,1981,10,3,1140.181640625,-2.4577995179474788
1981-11-01,1981,11,3,1081.84643554688,-5.116308051245511
1981-12-01,1981,12,3,1130.88427734375,4.532791363506328
1982-01-01,1982,1,3,1113.25854492188,-1.558579668581983
1982-02-01,1982,2,3,1087.70629882813,-2.2952661095938964
1982-03-01,1982,3,3,1029.23657226563,-5.375506846424805
1982-04-01,1982,4,3,996.20751953125,-3.2090826953101836
1982-05-01,1982,5,3,973.294189453125,-2.300055924985034
1982-06-01,1982,6,3,918.849365234375,-5.593871288735574
1982-07-01,1982,7,3,957.847900390625,4.244279490393121
1982-08-01,1982,8,3,958.864013671875,0.10608294707705745
1982-09-01,1982,9,3,959.531982421875,0.0696625111043625
1982-10-01,1982,10,3,951.484130859375,-0.8387267657495978
1982-11-01,1982,11,3,965.14697265625,1.435950569615363
1982-12-01,1982,12,3,987.387451171875,2.3043618377018182
1983-01-01,1983,1,3,1076.53076171875,9.028199663776949
1983-02-01,1983,2,3,1230.45581054688,14.298248995911544
1983-03-01,1983,3,3,1301.72924804688,5.7924418649640375
1983-04-01,1983,4,3,1363.56713867188,4.750441823273288
1983-05-01,1983,5,3,1453.43408203125,6.590577083494464
1983-06-01,1983,6,3,1465.57836914063,0.8355581625282715
1983-07-01,1983,7,3,1520.2099609375,3.7276472515696435
1983-08-01,1983,8,3,1603.66748046875,5.489867957435468
1983-09-01,1983,9,3,1613.72875976563,0.6273918639255083
1983-10-01,1983,10,3,1566.25805664063,-2.9416779516214575
1983-11-01,1983,11,3,1516.72778320313,-3.1623315983915434
1983-12-01,1983,12,3,1549.33911132813,2.1501108165981497
1984-01-01,1984,1,3,1548.90625,-0.02793844968896897
1984-02-01,1984,2,3,1491.16162109375,-3.728090638555437
1984-03-01,1984,3,3,1455.76293945313,-2.373899726218509
1984-04-01,1984,4,3,1370.35034179688,-5.867205115713137
1984-05-01,1984,5,3,1289.13500976563,-5.926610849365421
1984-06-01,1984,6,3,1275.02905273438,-1.0942187532254288
1984-07-01,1984,7,3,1162.80615234375,-8.801595551878671
1984-08-01,1984,8,3,1136.00903320313,-2.3045216166605043
1984-09-01,1984,9,3,1012.169921875,-10.901243538438155
1984-10-01,1984,10,3,1027.64794921875,1.5291925801428352
1984-11-01,1984,11,3,1154.66040039063,12.359529473925267
1984-12-01,1984,12,3,1095.69604492188,-5.106640484838831
1985-01-01,1985,1,3,1075.8544921875,-1.8108628598540455
1985-02-01,1985,2,3,1097.90087890625,2.049197812421988
1985-03-01,1985,3,3,1095.25512695313,-0.24098277029851456
1985-04-01,1985,4,3,1108.923828125,1.2479924389758201
1985-05-01,1985,5,3,1104.5146484375,-0.3976088867127303
1985-06-01,1985,6,3,1031.76220703125,-6.58682449428526
1985-07-01,1985,7,3,1011.92065429688,-1.923074192789176
1985-08-01,1985,8,3,1018.53442382813,0.65358578295307
1985-09-01,1985,9,3,985.465087890625,-3.246756826658337
1985-10-01,1985,10,3,970.03271484375,-1.565998961963
1985-11-01,1985,11,3,950.191162109375,-2.045451914224461
1985-12-01,1985,12,3,1038.3759765625,9.28074454590373
1986-01-01,1986,1,3,1119.94702148438,7.855636760002627
1986-02-01,1986,2,3,1115.53784179688,-0.39369538048826813
1986-03-01,1986,3,3,1168.44848632813,4.743061378000668
1986-04-01,1986,4,3,1164.03930664063,-0.3773533655177186
1986-05-01,1986,5,3,1164.03930664063,0.0
1986-06-01,1986,6,3,1183.880859375,1.7045431903525587
1986-07-01,1986,7,3,1122.15161132813,-5.214143598829568
1986-08-01,1986,8,3,1128.76538085938,0.5893828841382787
1986-09-01,1986,9,3,1205.92724609375,6.8359524966670415
1986-10-01,1986,10,3,1161.83471679688,-3.656317529908615
1986-11-01,1986,11,3,1130.96997070313,-2.65655223135719
1986-12-01,1986,12,3,1130.96997070313,0.0
1987-01-01,1987,1,3,1170.6533203125,3.5087889720625043
1987-02-01,1987,2,3,1283.0888671875,9.604512704494429
1987-03-01,1987,3,3,1369.06909179688,6.701034262564098
1987-04-01,1987,4,3,1399.93359375,2.2544152181984467
1987-05-01,1987,5,3,1410.95678710938,0.7874083034075996
1987-06-01,1987,6,3,1472.68627929688,4.375009408613062
1987-07-01,1987,7,3,1653.46508789063,12.275445974825082
1987-08-01,1987,8,3,1809.99291992188,9.466654795290342
1987-09-01,1987,9,3,1746.05908203125,-3.5322700540391883
1987-10-01,1987,10,3,1962.11181640625,12.373735608285298
1987-11-01,1987,11,3,1679.92041015625,-14.382024708808594
1987-12-01,1987,12,3,1823.220703125,8.53018346002603
1988-01-01,1988,1,3,2001.794921875,9.794437856257554
1988-02-01,1988,2,3,2138.4814453125,6.828198130779106
1988-03-01,1988,3,3,2526.49462890625,18.144332486225935
1988-04-01,1988,4,3,2508.85766601563,-0.6980803635531663
1988-05-01,1988,5,3,2987.26000976563,19.06853267247164
1988-06-01,1988,6,3,3578.09814453125,19.778597538684785
1988-07-01,1988,7,3,2581.61010742188,-27.84965634976777
1988-08-01,1988,8,3,2700.65942382813,4.611436717883732
1988-09-01,1988,9,3,2387.603515625,-11.591832181466987
1988-10-01,1988,10,3,2308.23706054688,-3.3241053030257595
1988-11-01,1988,11,3,2380.98950195313,3.151861767136399
1988-12-01,1988,12,3,2458.1513671875,3.240747813926692
1989-01-01,1989,1,3,2398.62646484375,-2.4215312017931367
1989-02-01,1989,2,3,2175.59692382813,-9.298218971754258
1989-03-01,1989,3,3,2074.54736328125,-4.644682084265661
1989-04-01,1989,4,3,2125.80004882813,2.470547862827055
1989-05-01,1989,5,3,2259.0,6.26587393510023
1989-06-01,1989,6,3,1914.0,-15.272244355909692
1989-07-01,1989,7,3,1756.0,-8.254963427377216
1989-08-01,1989,8,3,1798.0,2.3917995444191265
1989-09-01,1989,9,3,1718.0,-4.449388209121241
1989-10-01,1989,10,3,1820.0,5.937136204889404
1989-11-01,1989,11,3,1736.0,-4.61538461538461
1989-12-01,1989,12,3,1633.0,-5.9331797235023025
1990-01-01,1990,1,3,1528.0,-6.429883649724433
1990-02-01,1990,2,3,1454.0,-4.842931937172779
1990-03-01,1990,3,3,1567.0,7.771664374140297
1990-04-01,1990,4,3,1526.0,-2.61646458200383
1990-05-01,1990,5,3,1527.0,0.0655307994757548
1990-06-01,1990,6,3,1566.0,2.5540275049115824
1990-07-01,1990,7,3,1571.0,0.319284802043418
1990-08-01,1990,8,3,1782.0,13.43093570973901
1990-09-01,1990,9,3,2067.0,15.993265993266004
1990-10-01,1990,10,3,1946.0,-5.853894533139814
1990-11-01,1990,11,3,1618.0,-16.855087358684486
1990-12-01,1990,12,3,1522.0,-5.933250927070455
1991-01-01,1991,1,3,1515.0,-0.45992115637318864
1991-02-01,1991,2,3,1505.0,-0.660066006600657
1991-03-01,1991,3,3,1496.0,-0.5980066445182675
1991-04-01,1991,4,3,1392.0,-6.951871657754005
1991-05-01,1991,5,3,1299.94995117188,-6.61279086408908
1991-06-01,1991,6,3,1283.55004882813,-1.2615795191934787
1991-07-01,1991,7,3,1297.54663085938,1.0904586107903347
1991-08-01,1991,8,3,1259.693359375,-2.9172956550555185
1991-09-01,1991,9,3,1212.09521484375,-3.778550087369348
1991-10-01,1991,10,3,1152.95458984375,-4.879206210514065
1991-11-01,1991,11,3,1134.92504882813,-1.563768527784204
1991-12-01,1991,12,3,1099.5263671875,-3.1190325455571766
1992-01-01,1992,1,3,1181.22729492188,7.4305564807294555
1992-02-01,1992,2,3,1270.75,7.5787873733514255
1992-03-01,1992,3,3,1282.02270507813,0.8870907006200968
1992-04-01,1992,4,3,1317.125,2.738040034925193
1992-05-01,1992,5,3,1306.71069335938,-0.7906847596560684
1992-06-01,1992,6,3,1275.27270507813,-2.4058874271876585
1992-07-01,1992,7,3,1314.34790039063,3.0640658391654307
1992-08-01,1992,8,3,1305.55004882813,-0.6693700777309575
1992-09-01,1992,9,3,1270.21435546875,-2.7065751627903922
1992-10-01,1992,10,3,1180.84106445313,-7.03607943264335
1992-11-01,1992,11,3,1162.21435546875,-1.5774103344726065
1992-12-01,1992,12,3,1209.02380371094,4.027608850461206
1993-01-01,1993,1,3,1208.09997558594,-0.07641107827359717
1993-02-01,1993,2,3,1203.15002441406,-0.4097302600705066
1993-03-01,1993,3,3,1150.47827148438,-4.377820875275418
1993-04-01,1993,4,3,1110.27502441406,-3.4944812141865733
1993-05-01,1993,5,3,1125.42102050781,1.3641661534936622
1993-06-01,1993,6,3,1168.09094238281,3.791463025610331
1993-07-01,1993,7,3,1203.18176269531,3.0041171486971274
1993-08-01,1993,8,3,1172.76196289063,-2.528279662129773
1993-09-01,1993,9,3,1116.90905761719,-4.762509958608607
1993-10-01,1993,10,3,1089.42858886719,-2.460403428782887
1993-11-01,1993,11,3,1040.02270507813,-4.535027288060545
1993-12-01,1993,12,3,1091.34997558594,4.935206727429486
1994-01-01,1994,1,3,1170.0,7.2066730355524244
1994-02-01,1994,2,3,1270.52502441406,8.591882428552132
1994-03-01,1994,3,3,1287.69567871094,1.351461322440195
1994-04-01,1994,4,3,1277.28942871094,-0.8081296048471076
1994-05-01,1994,5,3,1321.04760742188,3.4258624339435384
1994-06-01,1994,6,3,1402.36364746094,6.155420863124994
1994-07-01,1994,7,3,1491.95239257813,6.38841040121052
1994-08-01,1994,8,3,1457.06823730469,-2.3381547190764795
1994-09-01,1994,9,3,1571.09094238281,7.825488344254983
1994-10-01,1994,10,3,1694.26196289063,7.839840278183474
1994-11-01,1994,11,3,1885.88635253906,11.310198413561379
1994-12-01,1994,12,3,1878.375,-0.39829295805375864
1995-01-01,1995,1,3,2059.35717773438,9.635039740966533
1995-02-01,1995,2,3,1905.44995117188,-7.473556711120044
1995-03-01,1995,3,3,1799.97827148438,-5.535263711473148
1995-04-01,1995,4,3,1849.44445800781,2.7481546475912166
1995-05-01,1995,5,3,1765.47619628906,-4.5401883444069036
1995-06-01,1995,6,3,1775.79541015625,0.5845003115239056
1995-07-01,1995,7,3,1867.27502441406,5.151472615291919
1995-08-01,1995,8,3,1890.04541015625,1.219444669075198
1995-09-01,1995,9,3,1761.72497558594,-6.789277859715648
1995-10-01,1995,10,3,1671.95458984375,-5.095595906638772
1995-11-01,1995,11,3,1655.92858886719,-0.9585189139651007
1995-12-01,1995,12,3,1657.81579589844,0.11396669179684071
1996-01-01,1996,1,3,1584.47619628906,-4.423869032423722
1996-02-01,1996,2,3,1594.57141113281,0.637132628902437
1996-03-01,1996,3,3,1614.85717773438,1.272176740404407
1996-04-01,1996,4,3,1587.40002441406,-1.7002836968432078
1996-05-01,1996,5,3,1593.85717773438,0.4067754328467732
1996-06-01,1996,6,3,1485.75,-6.782739334778487
1996-07-01,1996,7,3,1460.02172851563,-1.7316689540212038
1996-08-01,1996,8,3,1466.78576660156,0.46328338502241717
1996-09-01,1996,9,3,1405.76196289063,-4.160376048120362
1996-10-01,1996,10,3,1336.02172851563,-4.961027273180374
1996-11-01,1996,11,3,1451.04760742188,8.609581449999926
1996-12-01,1996,12,3,1500.97619628906,3.440864973127211
1997-01-01,1997,1,3,1575.13635253906,4.940794959530326
1997-02-01,1997,2,3,1582.05297851563,0.4391128403214539
1997-03-01,1997,3,3,1631.18420410156,3.1055360505074736
1997-04-01,1997,4,3,1561.11364746094,-4.295686315771685
1997-05-01,1997,5,3,1625.44995117188,4.1211800188653225
1997-06-01,1997,6,3,1567.1904296875,-3.5842088796629756
1997-07-01,1997,7,3,1591.5869140625,1.5567019752580125
1997-08-01,1997,8,3,1710.02502441406,7.441510690060182
1997-09-01,1997,9,3,1611.61901855469,-5.7546529702446225
1997-10-01,1997,10,3,1607.32604980469,-0.26637615345653787
1997-11-01,1997,11,3,1598.32495117188,-0.5600045263936204
1997-12-01,1997,12,3,1530.52380371094,-4.242012702812947
1998-01-01,1998,1,3,1485.47497558594,-2.9433601761549633
1998-02-01,1998,2,3,1465.17504882813,-1.3665613417555345
1998-03-01,1998,3,3,1438.31823730469,-1.8330104341403142
1998-04-01,1998,4,3,1417.55004882813,-1.4439216536305755
1998-05-01,1998,5,3,1364.31579589844,-3.755370258263402
1998-06-01,1998,6,3,1305.52380371094,-4.309265667395124
1998-07-01,1998,7,3,1312.66662597656,0.547123096899238
1998-08-01,1998,8,3,1310.55004882813,-0.1612425505870818
1998-09-01,1998,9,3,1341.88635253906,2.3910802749540494
1998-10-01,1998,10,3,1303.70458984375,-2.845379761338518
1998-11-01,1998,11,3,1295.30004882813,-0.6446660601714393
1998-12-01,1998,12,3,1250.39477539063,-3.4667854353997885
1999-01-01,1999,1,3,1219.40002441406,-2.478797223611806
1999-02-01,1999,2,3,1186.475,-2.700100357131041
1999-03-01,1999,3,3,1179.86363636364,-0.5572273867009425
1999-04-01,1999,4,3,1277.85,8.304888854643888
1999-05-01,1999,5,3,1323.13157894737,3.5435754546597753
1999-06-01,1999,6,3,1315.52272727273,-0.5750638708731604
1999-07-01,1999,7,3,1403.36363636364,6.677262754176572
1999-08-01,1999,8,3,1421.69047619048,1.3059223819086752
1999-09-01,1999,9,3,1492.06818181818,4.950283258299781
1999-10-01,1999,10,3,1473.33333333333,-1.2556295156713415
1999-11-01,1999,11,3,1472.43181818182,-0.061188811188461756
1999-12-01,1999,12,3,1554.73529411765,5.589629001460961
2000-01-01,2000,1,3,1679.85,8.04733168120142
2000-02-01,2000,2,3,1679.425,-0.025299877965290207
2000-03-01,2000,3,3,1579.64,-5.94161692245857
2000-04-01,2000,4,3,1458.745,-7.6533260742954194
2000-05-01,2000,5,3,1468.0652173913,0.6389202630548985
2000-06-01,2000,6,3,1509.37272727273,2.813738067770033
2000-07-01,2000,7,3,1564.37619047619,3.6441272728469976
2000-08-01,2000,8,3,1530.3347826087,-2.1760372009451245
2000-09-01,2000,9,3,1602.30952380952,4.703202333160572
2000-10-01,2000,10,3,1501.24545454545,-6.30739989760457
2000-11-01,2000,11,3,1475.55454545455,-1.711306369861998
2000-12-01,2000,12,3,1569.055,6.336631528361902
2001-01-01,2001,1,3,1619.87727272727,3.23903704632853
2001-02-01,2001,2,3,1607.03,-0.7931016098299937
2001-03-01,2001,3,3,1512.17272727273,-5.902644799864964
2001-04-01,2001,4,3,1499.48333333333,-0.8391497684451688
2001-05-01,2001,5,3,1542.39047619048,2.861461805098431
2001-06-01,2001,6,3,1470.83333333333,-4.639366228057085
2001-07-01,2001,7,3,1418.62272727273,-3.549729590522399
2001-08-01,2001,8,3,1377.84545454545,-2.874426860880297
2001-09-01,2001,9,3,1345.995,-2.3116129926166074
2001-10-01,2001,10,3,1283.53043478261,-4.64077245587019
2001-11-01,2001,11,3,1334.45454545455,3.967503168755404
2001-12-01,2001,12,3,1348.72352941176,1.0692746340303039
2002-01-01,2002,1,3,1371.36363636364,1.678632162794269
2002-02-01,2002,2,3,1371.08,-0.020682797481208492
2002-03-01,2002,3,3,1404.985,2.472868103976422
2002-04-01,2002,4,3,1370.38571428571,-2.462608904314978
2002-05-01,2002,5,3,1344.42727272727,-1.8942434445889056
2002-06-01,2002,6,3,1356.93333333333,0.9302147360258806
2002-07-01,2002,7,3,1337.8652173913,-1.4052360181313395
2002-08-01,2002,8,3,1293.35714285714,-3.326798092631944
2002-09-01,2002,9,3,1301.7,0.6450543988514967
2002-10-01,2002,10,3,1311.46086956522,0.7498555400798912
2002-11-01,2002,11,3,1373.26666666667,4.712744278976477
2002-12-01,2002,12,3,1375.8619047619,0.18898282163428703
2003-01-01,2003,1,3,1379.29090909091,0.24922590829370428
2003-02-01,2003,2,3,1421.555,3.0641897681285
2003-03-01,2003,3,3,1386.54761904762,-2.4626117844459117
2003-04-01,2003,4,3,1334.32,-3.766738215849641
2003-05-01,2003,5,3,1400.415,4.953459440014396
2003-06-01,2003,6,3,1410.5380952381,0.7228639537637083
2003-07-01,2003,7,3,1440.90434782609,2.1528133618301304
2003-08-01,2003,8,3,1457.24,1.133708299135594
2003-09-01,2003,9,3,1416.59545454545,-2.7891456077619448
2003-10-01,2003,10,3,1477.24782608696,4.281559096275078
2003-11-01,2003,11,3,1511.6,2.3254171240877364
2003-12-01,2003,12,3,1557.77857142857,3.0549465089025007
2004-01-01,2004,1,3,1608.89285714286,3.2812292229321915
2004-02-01,2004,2,3,1685.225,4.7443894426067335
2004-03-01,2004,3,3,1657.35434782609,-1.653823802394938
2004-04-01,2004,4,3,1731.68,4.484596324944112
2004-05-01,2004,5,3,1625.27368421053,-6.144686996989623
2004-06-01,2004,6,3,1682.04090909091,3.492779427358683
2004-07-01,2004,7,3,1707.86818181818,1.535472329339993
2004-08-01,2004,8,3,1692.1,-0.9232669117000158
2004-09-01,2004,9,3,1731.02272727273,2.300261643681223
2004-10-01,2004,10,3,1830.36666666667,5.739031488654045
2004-11-01,2004,11,3,1817.35,-0.7111507712482035
2004-12-01,2004,12,3,1852.92380952381,1.957455059499269
2005-01-01,2005,1,3,1836.21,-0.9020235714983449
2005-02-01,2005,2,3,1882.8,2.537291486267912
2005-03-01,2005,3,3,1987.51904761905,5.561878458628122
2005-04-01,2005,4,3,1892.00952380952,-4.805464577758167
2005-05-01,2005,5,3,1741.45,-7.957651476635896
2005-06-01,2005,6,3,1731.94318181818,-0.5459139327468554
2005-07-01,2005,7,3,1783.2619047619,2.9630719692459007
2005-08-01,2005,8,3,1871.27272727273,4.935383987949948
2005-09-01,2005,9,3,1837.69318181818,-1.7944762922660784
2005-10-01,2005,10,3,1934.14285714286,5.24841014152615
2005-11-01,2005,11,3,2056.97045454545,6.350492516567918
2005-12-01,2005,12,3,2250.9,9.427920805863232
2006-01-01,2006,1,3,2383.30238095238,5.882197385595989
2006-02-01,2006,2,3,2453.375,2.9401480738511454
2006-03-01,2006,3,3,2432.47826086957,-0.8517547920896762
2006-04-01,2006,4,3,2623.85833333333,7.867699191496369
2006-05-01,2006,5,3,2852.07142857143,8.697614971772483
2006-06-01,2006,6,3,2490.95454545455,-12.66156518729824
2006-07-01,2006,7,3,2511.83333333333,0.8381842180492205
2006-08-01,2006,8,3,2461.55227272727,-2.001767391920639
2006-09-01,2006,9,3,2484.38095238095,0.9274099074234599
2006-10-01,2006,10,3,2657.14772727273,6.9541176737088595
2006-11-01,2006,11,3,2702.13636363636,1.6931176201409714
2006-12-01,2006,12,3,2823.67105263158,4.497725970856137
2007-01-01,2007,1,3,2799.05909090909,-0.871629919482031
2007-02-01,2007,2,3,2839.05,1.4287268611368198
2007-03-01,2007,3,3,2757.07954545455,-2.88724941601769
2007-04-01,2007,4,3,2817.05263157895,2.175239601747214
2007-05-01,2007,5,3,2804.60476190476,-0.4418756516882283
2007-06-01,2007,6,3,2681.30952380952,-4.39617160214415
2007-07-01,2007,7,3,2738.09090909091,2.1176736507733107
2007-08-01,2007,8,3,2512.60227272727,-8.235250174308707
2007-09-01,2007,9,3,2394.9625,-4.681989426029576
2007-10-01,2007,10,3,2444.53260869565,2.0697655472956322
2007-11-01,2007,11,3,2507.15227272727,2.561621138080561
2007-12-01,2007,12,3,2382.83333333333,-4.958571553322788
2008-01-01,2008,1,3,2456.125,3.0758201021194864
2008-02-01,2008,2,3,2784.89285714286,13.385632129588675
2008-03-01,2008,3,3,3012.05263157895,8.156858668851719
2008-04-01,2008,4,3,2968.03409090909,-1.4614133965774934
2008-05-01,2008,5,3,2908.2775,-2.0133391018695046
2008-06-01,2008,6,3,2967.86904761905,2.049032378067417
2008-07-01,2008,7,3,3067.45652173913,3.3555211676193464
2008-08-01,2008,8,3,2762.56,-9.939717794802371
2008-09-01,2008,9,3,2524.14772727273,-8.630121073470608
2008-10-01,2008,10,3,2122.02826086956,-15.930900638594903
2008-11-01,2008,11,3,1857.13,-12.48325791669761
2008-12-01,2008,12,3,1504.41666666667,-18.99238789601859
2009-01-01,2009,1,3,1420.35952380952,-5.587357859002918
2009-02-01,2009,2,3,1338.0625,-5.794098073760412
2009-03-01,2009,3,3,1338.07954545455,0.001273890759967422
2009-04-01,2009,4,3,1431.8125,7.005036050648883
2009-05-01,2009,5,3,1464.41666666667,2.2771254383286976
2009-06-01,2009,6,3,1586.33571428571,8.325434310752167
2009-07-01,2009,7,3,1674.33181818182,5.54712997404414
2009-08-01,2009,8,3,1927.6375,15.128762355675018
2009-09-01,2009,9,3,1835.59772727273,-4.774744874348524
2009-10-01,2009,10,3,1875.66363636364,2.1827172966943476
2009-11-01,2009,11,3,1956.54761904762,4.312286121875775
2009-12-01,2009,12,3,2181.25714285714,11.485001521143712
2010-01-01,2010,1,3,2230.1500000000005,2.2414990045060756
2010-02-01,2010,2,3,2053.29,-7.930408268502143
2010-03-01,2010,3,3,2210.547826086957,7.658821992361364
2010-04-01,2010,4,3,2314.3050000000003,4.693731241124577
2010-05-01,2010,5,3,2044.7315789473685,-11.648137175205164
2010-06-01,2010,6,3,1929.409090909091,-5.639981757294798
2010-07-01,2010,7,3,1989.0454545454545,3.0909133743256323
2010-08-01,2010,8,3,2110.440476190476,6.103179862863595
2010-09-01,2010,9,3,2171.2431818181817,2.881043379980075
2010-10-01,2010,10,3,2342.178571428572,7.872696667134749
2010-11-01,2010,11,3,2324.0454545454545,-0.7741987354985325
2010-12-01,2010,12,3,2356.669047619048,1.403741609691278
2011-01-01,2011,1,3,2439.7,3.5232334580385105
2011-02-01,2011,2,3,2515.26,3.097102102717564
2011-03-01,2011,3,3,2555.5,1.599834609543338
2011-04-01,2011,4,3,2667.4166666666665,4.379443031370234
2011-05-01,2011,5,3,2587.2125,-3.0068105845230897
2011-06-01,2011,6,3,2557.7613636363635,-1.138334650270767
2011-07-01,2011,7,3,2525.428571428572,-1.2641051142403659
2011-08-01,2011,8,3,2380.975,-5.719962665459921
2011-09-01,2011,9,3,2293.461363636364,-3.6755378096635205
2011-10-01,2011,10,3,2180.647619047619,-4.918929369268921
2011-11-01,2011,11,3,2079.981818181818,-4.616325901833052
2011-12-01,2011,12,3,2024.375,-2.673428089406382
2012-01-01,2012,1,3,2151.333333333333,6.271482967994224
2012-02-01,2012,2,3,2207.9166666666665,2.630151843817785
2012-03-01,2012,3,3,2184.159090909091,-1.0760177735078535
2012-04-01,2012,4,3,2048.5052631578947,-6.210803430748923
2012-05-01,2012,5,3,2002.5227272727277,-2.2446872220519554
2012-06-01,2012,6,3,1885.5131578947369,-5.843108184712009
2012-07-01,2012,7,3,1876.25,-0.49128046950781545
2012-08-01,2012,8,3,1843.3272727272729,-1.7547089818908512
2012-09-01,2012,9,3,2064.12,11.977945020368285
2012-10-01,2012,10,3,1974.304347826087,-4.351280554130232
2012-11-01,2012,11,3,1948.8295454545453,-1.2903178985343433
2012-12-01,2012,12,3,2086.7631578947367,7.077766896643589
2013-01-01,2013,1,3,2037.6068181818184,-2.3556262016102614
2013-02-01,2013,2,3,2053.5950000000003,0.7846549037585415
2013-03-01,2013,3,3,1911.2825,-6.929920456565208
2013-04-01,2013,4,3,1861.0238095238096,-2.629579378045388
2013-05-01,2013,5,3,1832.571428571429,-1.5288563642644082
2013-06-01,2013,6,3,1814.5375,-0.9840777985656635
2013-07-01,2013,7,3,1769.608695652174,-2.4760471661691152
2013-08-01,2013,8,3,1816.235714285714,2.6348773459409447
2013-09-01,2013,9,3,1761.304761904762,-3.024439611493668
2013-10-01,2013,10,3,1814.582608695652,3.024907894603812
2013-11-01,2013,11,3,1747.9642857142858,-3.6712752928483305
2013-12-01,2013,12,3,1739.81,-0.4665018490897621
2014-01-01,2014,1,3,1727.4113636363638,-0.7126431256077481
2014-02-01,2014,2,3,1695.1650000000002,-1.866744906000961
2014-03-01,2014,3,3,1705.3666666666666,0.6018096566803965
2014-04-01,2014,4,3,1810.675,6.175113856257708
2014-05-01,2014,5,3,1751.05,-3.292970853411026
2014-06-01,2014,6,3,1838.952380952381,5.019981208553781
2014-07-01,2014,7,3,1948.304347826087,5.946427324946457
2014-08-01,2014,8,3,2030.4925,4.218445247818625
2014-09-01,2014,9,3,1990.4318181818185,-1.9729539418728015
2014-10-01,2014,10,3,1946.1891304347823,-2.222768313031198
2014-11-01,2014,11,3,2055.555,5.61948825296259
2014-12-01,2014,12,3,1909.459523809524,-7.107349411252728
2015-01-01,2015,1,3,1814.719047619048,-4.961638359396126
2015-02-01,2015,2,3,1817.82,0.17087782183256017
2015-03-01,2015,3,3,1773.8636363636365,-2.4180811981584283
2015-04-01,2015,4,3,1819.1875,2.5550928891735936
2015-05-01,2015,5,3,1804.0394736842104,-0.8326808707617928
2015-06-01,2015,6,3,1687.7272727272727,-6.447320175284455
2015-07-01,2015,7,3,1639.5,-2.8575276057096755
2015-08-01,2015,8,3,1548.125,-5.573345532174445
2015-09-01,2015,9,3,1589.6022727272727,2.679194039710797
2015-10-01,2015,10,3,1516.4886363636365,-4.599492440218745
2015-11-01,2015,11,3,1467.892857142857,-3.2044934630902633
2015-12-01,2015,12,3,1497.202380952381,1.9967072982814749
2016-01-01,2016,1,3,1481.1,-1.0754979525305242
2016-02-01,2016,2,3,1531.2619047619048,3.386800672601775
2016-03-01,2016,3,3,1531.0119047619048,-0.016326403681987678
2016-04-01,2016,4,3,1571.2261904761904,2.6266474864896194
2016-05-01,2016,5,3,1550.625,-1.3111537091898162
2016-06-01,2016,6,3,1593.5068181818183,2.7654538126122175
2016-07-01,2016,7,3,1629.047619047619,2.230351352142468
2016-08-01,2016,8,3,1639.284090909091,0.6283715553665914
2016-09-01,2016,9,3,1592.3636363636365,-2.862252784960173
2016-10-01,2016,10,3,1665.904761904762,4.618362531127995
2016-11-01,2016,11,3,1737.1136363636365,4.274486518512366
2016-12-01,2016,12,3,1727.7375,-0.5397537712768186
2017-01-01,2017,1,3,1791.2380952380952,3.6753612882799214
2017-02-01,2017,2,3,1860.75,3.8806624840493464
2017-03-01,2017,3,3,1901.467391304348,2.188224710699882
2017-04-01,2017,4,3,1921.2222222222224,1.0389255691796606
2017-05-01,2017,5,3,1913.0238095238096,-0.42672901674695174
2017-06-01,2017,6,3,1885.286363636364,-1.4499268513730623
1980-03-01,1980,3,4,6733.787109375,-3.512582940106257
1980-04-01,1980,4,4,6233.369140625,-7.431449207137863
1980-05-01,1980,5,4,6000.76953125,-3.731523099748235
1980-06-01,1980,6,4,6294.833984375,4.900445711064405
1980-07-01,1980,7,4,6622.166015625,5.200010549325085
1980-08-01,1980,8,4,6584.505859375,-0.5686984615175916
1980-09-01,1980,9,4,6655.357421875,1.0760346184387037
1980-10-01,1980,10,4,6691.947265625,0.5497802962427745
1980-11-01,1980,11,4,6452.666015625,-3.575659527819841
1980-12-01,1980,12,4,6390.912109375,-0.9570293286598752
1981-01-01,1981,1,4,6403.7734375,0.20124401501522282
1981-02-01,1981,2,4,6370.748046875,-0.5157176615838033
1981-03-01,1981,3,4,6292.43359375,-1.2292819076939465
1981-04-01,1981,4,4,6307.060546875,0.23245303914734006
1981-05-01,1981,5,4,6352.15625,0.7150034915606396
1981-06-01,1981,6,4,6169.462890625,-2.8760841544947846
1981-07-01,1981,7,4,6150.337890625,-0.30999457066289704
1981-08-01,1981,8,4,5999.1171875,-2.4587381346235726
1981-09-01,1981,9,4,5579.064453125,-7.001909135068052
1981-10-01,1981,10,4,5216.7109375,-6.494879538845177
1981-11-01,1981,11,4,5100.24609375,-2.232533969110684
1981-12-01,1981,12,4,5496.025390625,7.76000392137941
1982-01-01,1982,1,4,5628.904296875,2.417727299380057
1982-02-01,1982,2,4,5716.759765625,1.5607916588451287
1982-03-01,1982,3,4,5653.357421875,-1.1090608377710698
1982-04-01,1982,4,4,5394.0546875,-4.586703352094079
1982-05-01,1982,5,4,5211.837890625,-3.378104365483414
1982-06-01,1982,6,4,5186.697265625,-0.4823754216381704
1982-07-01,1982,7,4,5068.580078125,-2.2773102313648708
1982-08-01,1982,8,4,4953.02734375,-2.2797851191836305
1982-09-01,1982,9,4,4310.296875,-12.976517675821686
1982-10-01,1982,10,4,3916.5078125,-9.13600788808776
1982-11-01,1982,11,4,3433.65747070313,-12.3285938625169
1982-12-01,1982,12,4,3576.26953125,4.153357222252763
1983-01-01,1983,1,4,3796.9599609375,6.1709674776767365
1983-02-01,1983,2,4,4228.197265625,11.357436189056468
1983-03-01,1983,3,4,4831.7734375,14.275023939446708
1983-04-01,1983,4,4,4817.78515625,-0.28950614988350054
1983-05-01,1983,5,4,5031.533203125,4.436645469707368
1983-06-01,1983,6,4,4883.158203125,-2.948902332749126
1983-07-01,1983,7,4,4804.037109375,-1.6202852838019033
1983-08-01,1983,8,4,4852.7578125,1.01416167310453
1983-09-01,1983,9,4,4910.5234375,1.190366946629906
1983-10-01,1983,10,4,4674.150390625,-4.813601846799043
1983-11-01,1983,11,4,4585.166015625,-1.9037550691239469
1983-12-01,1983,12,4,4657.0,1.566660490159122
1984-01-01,1984,1,4,4670.48046875,0.28946679729440206
1984-02-01,1984,2,4,4639.912109375,-0.6545013854469928
1984-03-01,1984,3,4,4780.826171875,3.0369985288144052
1984-04-01,1984,4,4,4911.40625,2.7313287166386813
1984-05-01,1984,5,4,4811.423828125,-2.0357188305284213
1984-06-01,1984,6,4,4773.232421875,-0.7937651642067722
1984-07-01,1984,7,4,4640.1796875,-2.787476548706058
1984-08-01,1984,8,4,4736.07421875,2.066612452710115
1984-09-01,1984,9,4,4705.63671875,-0.6426736278645873
1984-10-01,1984,10,4,4750.294921875,0.9490363535088919
1984-11-01,1984,11,4,4748.400390625,-0.03988239217055378
1984-12-01,1984,12,4,4858.982421875,2.3288270186382576
1985-01-01,1985,1,4,4947.16796875,1.8148974253948902
1985-02-01,1985,2,4,5050.78515625,2.094474821848036
1985-03-01,1985,3,4,5211.72265625,3.1863857800574102
1985-04-01,1985,4,4,5489.50390625,5.329931547045752
1985-05-01,1985,5,4,5604.14453125,2.088360386618504
1985-06-01,1985,6,4,5553.4375,-0.9048130533972798
1985-07-01,1985,7,4,5090.466796875,-8.33665100444545
1985-08-01,1985,8,4,4907.484375,-3.594609869321441
1985-09-01,1985,9,4,4570.177734375,-6.873310536521071
1985-10-01,1985,10,4,4239.484375,-7.235897126881097
1985-11-01,1985,11,4,4034.45458984375,-4.83619626870897
1985-12-01,1985,12,4,4089.57006835938,1.3661196894959815
1986-01-01,1986,1,4,4034.45458984375,-1.347708379960355
1986-02-01,1986,2,4,3988.15747070313,-1.1475434438441123
1986-03-01,1986,3,4,4135.8671875,3.703708238251391
1986-04-01,1986,4,4,4085.16088867188,-1.2260137119821324
1986-05-01,1986,5,4,4043.27319335938,-1.025362193901691
1986-06-01,1986,6,4,4087.36547851563,1.0905096699542094
1986-07-01,1986,7,4,3910.99584960938,-4.314995315033599
1986-08-01,1986,8,4,3807.37866210938,-2.649381167467846
1986-09-01,1986,9,4,3723.60327148438,-2.2003430196928853
1986-10-01,1986,10,4,3644.23681640625,-2.1314422963886637
1986-11-01,1986,11,4,3642.0322265625,-0.06049524097404557
1986-12-01,1986,12,4,3562.666015625,-2.1791737689374924
1987-01-01,1987,1,4,3525.1875,-1.0519794856051146
1987-02-01,1987,2,4,3716.9892578125,5.440895209474683
1987-03-01,1987,3,4,3772.10473632813,1.482798972307653
1987-04-01,1987,4,4,3897.76806640625,3.3313849657431227
1987-05-01,1987,5,4,4435.6953125,13.80090443887596
1987-06-01,1987,6,4,4435.6953125,0.0
1987-07-01,1987,7,4,4753.16015625,7.157048024812918
1987-08-01,1987,8,4,5306.51953125,11.641925725401435
1987-09-01,1987,9,4,5332.9765625,0.49857597044908886
1987-10-01,1987,10,4,5692.328125,6.738292551796676
1987-11-01,1987,11,4,5937.041015625,4.2989948093514085
1987-12-01,1987,12,4,7661.0546875,29.038264471102202
1988-01-01,1988,1,4,8073.318359375,5.3812913324801315
1988-02-01,1988,2,4,8666.361328125,7.345715136593611
1988-03-01,1988,3,4,15496.2734375,78.80945475017111
1988-04-01,1988,4,4,18011.74609375,16.23275858157429
1988-05-01,1988,5,4,17024.076171875,-5.483476819705546
1988-06-01,1988,6,4,15588.8671875,-8.430466181454644
1988-07-01,1988,7,4,14592.37890625,-6.392307210424109
1988-08-01,1988,8,4,14186.73046875,-2.7798650247922163
1988-09-01,1988,9,4,11878.4921875,-16.270403433225866
1988-10-01,1988,10,4,11556.6171875,-2.7097294414076933
1988-11-01,1988,11,4,13342.359375,15.452118544097093
1988-12-01,1988,12,4,16920.458984375,26.817592817050027
1989-01-01,1989,1,4,17725.14453125,4.75569573862078
1989-02-01,1989,2,4,18582.474609375,4.836801621636999
1989-03-01,1989,3,4,17156.353515625,-7.674548862456199
1989-04-01,1989,4,4,15261.5,-11.044616875604007
1989-05-01,1989,5,4,13454.0,-11.843527831471345
1989-06-01,1989,6,4,12143.0,-9.744313958674
1989-07-01,1989,7,4,12275.0,1.0870460347525368
1989-08-01,1989,8,4,12910.0,5.173116089613039
1989-09-01,1989,9,4,11222.0,-13.075135553834238
1989-10-01,1989,10,4,10425.0,-7.1021208340759205
1989-11-01,1989,11,4,9793.0,-6.062350119904081
1989-12-01,1989,12,4,8809.0,-10.047993464719696
1990-01-01,1990,1,4,7056.0,-19.900102168237034
1990-02-01,1990,2,4,6977.0,-1.119614512471656
1990-03-01,1990,3,4,9267.0,32.82212985523864
1990-04-01,1990,4,4,8939.0,-3.539441027301171
1990-05-01,1990,5,4,8698.0,-2.6960510124174997
1990-06-01,1990,6,4,8422.0,-3.1731432513221414
1990-07-01,1990,7,4,9318.0,10.638803134647357
1990-08-01,1990,8,4,10957.0,17.589611504614734
1990-09-01,1990,9,4,10844.0,-1.0313041891028552
1990-10-01,1990,10,4,9145.0,-15.66765031353744
1990-11-01,1990,11,4,8587.0,-6.101694915254241
1990-12-01,1990,12,4,8158.0,-4.9959240712705295
1991-01-01,1991,1,4,8569.0,5.037999509683755
1991-02-01,1991,2,4,8672.0,1.202007235383351
1991-03-01,1991,3,4,8700.0,0.3228782287822973
1991-04-01,1991,4,4,9023.0,3.7126436781609096
1991-05-01,1991,5,4,8499.609375,-5.800627562894823
1991-06-01,1991,6,4,8296.5,-2.389631876464915
1991-07-01,1991,7,4,8515.201171875,2.636065471885729
1991-08-01,1991,8,4,8154.75,-4.233031781627661
1991-09-01,1991,9,4,7675.953125,-5.871386308593152
1991-10-01,1991,10,4,7453.86328125,-2.8933194371220217
1991-11-01,1991,11,4,7258.5,-2.620966791025414
1991-12-01,1991,12,4,7140.263671875,-1.628936117999591
1992-01-01,1992,1,4,7531.13671875,5.474210265016155
1992-02-01,1992,2,4,7888.0,4.738504884150219
1992-03-01,1992,3,4,7430.455078125,-5.800518786447773
1992-04-01,1992,4,4,7417.951171875,-0.1682791446624976
1992-05-01,1992,5,4,7333.947265625,-1.1324408088381421
1992-06-01,1992,6,4,7202.36328125,-1.7941768546898107
1992-07-01,1992,7,4,7516.173828125,4.357049688009318
1992-08-01,1992,8,4,7279.75,-3.1455343307830175
1992-09-01,1992,9,4,6918.572265625,-4.961402992891239
1992-10-01,1992,10,4,6322.5,-8.615538621842422
1992-11-01,1992,11,4,5593.71484375,-11.526851028074336
1992-12-01,1992,12,4,5751.1904296875,2.8152236990316215
1993-01-01,1993,1,4,5948.10009765625,3.423807129604106
1993-02-01,1993,2,4,6050.75,1.725759497292212
1993-03-01,1993,3,4,5974.9130859375,-1.2533473381398985
1993-04-01,1993,4,4,5987.5,0.21066271394181157
1993-05-01,1993,5,4,5777.78955078125,-3.5024709681628408
1993-06-01,1993,6,4,5544.318359375,-4.040839309813227
1993-07-01,1993,7,4,5051.181640625,-8.894451703267459
1993-08-01,1993,8,4,4740.47607421875,-6.151146177507194
1993-09-01,1993,9,4,4376.04541015625,-7.6876385062772385
1993-10-01,1993,10,4,4464.85693359375,2.0294927294716825
1993-11-01,1993,11,4,4642.27294921875,3.9736103141427837
1993-12-01,1993,12,4,5139.7998046875,10.717311560762033
1994-01-01,1994,1,4,5584.0478515625,8.643294753812114
1994-02-01,1994,2,4,5830.10009765625,4.406342005556074
1994-03-01,1994,3,4,5590.4345703125,-4.110830403068
1994-04-01,1994,4,4,5400.26318359375,-3.401728154169592
1994-05-01,1994,5,4,6082.85693359375,12.640008955003367
1994-06-01,1994,6,4,6287.04541015625,3.3567857799651657
1994-07-01,1994,7,4,6230.5712890625,-0.898261701792713
1994-08-01,1994,8,4,5856.13623046875,-6.009642474536081
1994-09-01,1994,9,4,6370.681640625,8.786431700122233
1994-10-01,1994,10,4,6735.85693359375,5.732122770663595
1994-11-01,1994,11,4,7474.54541015625,10.966510777247041
1994-12-01,1994,12,4,8540.650390625,14.263141394795053
1995-01-01,1995,1,4,9596.1904296875,12.359012379445456
1995-02-01,1995,2,4,8431.25,-12.139613508330893
1995-03-01,1995,3,4,7522.39111328125,-10.779645802446257
1995-04-01,1995,4,4,7405.0,-1.5605558327589253
1995-05-01,1995,5,4,7262.380859375,-1.9259843433490853
1995-06-01,1995,6,4,7877.27294921875,8.46681139078498
1995-07-01,1995,7,4,8618.0,9.403343714968182
1995-08-01,1995,8,4,8931.818359375,3.641429094627524
1995-09-01,1995,9,4,8397.25,-5.984989146290765
1995-10-01,1995,10,4,8068.86376953125,-3.9106401556313064
1995-11-01,1995,11,4,8498.095703125,5.319608136334741
1995-12-01,1995,12,4,8074.21044921875,-4.9880028269200904
1996-01-01,1996,1,4,7870.71435546875,-2.520321894380273
1996-02-01,1996,2,4,8198.5,4.164623815924617
1996-03-01,1996,3,4,8046.39990234375,-1.855218608968101
1996-04-01,1996,4,4,8047.0,0.0074579645994887755
1996-05-01,1996,5,4,8042.85693359375,-0.05148585070523515
1996-06-01,1996,6,4,7713.15771484375,-4.099279913495646
1996-07-01,1996,7,4,7202.60888671875,-6.619193422461256
1996-08-01,1996,8,4,7037.619140625,-2.290694228836765
1996-09-01,1996,9,4,7329.8095703125,4.151836350461435
1996-10-01,1996,10,4,7028.69580078125,-4.10807083925937
1996-11-01,1996,11,4,6960.71435546875,-0.9671985705362873
1996-12-01,1996,12,4,6571.0478515625,-5.598082093400436
1997-01-01,1997,1,4,7069.13623046875,7.5800449206561815
1997-02-01,1997,2,4,7736.5791015625,9.441646749103484
1997-03-01,1997,3,4,7893.21044921875,2.0245556285285904
1997-04-01,1997,4,4,7313.13623046875,-7.349027654614404
1997-05-01,1997,5,4,7476.0,2.227003085936108
1997-06-01,1997,6,4,7060.0,-5.564472980203316
1997-07-01,1997,7,4,6832.7392578125,-3.2189906825424885
1997-08-01,1997,8,4,6764.4501953125,-0.9994390232573092
1997-09-01,1997,9,4,6498.28564453125,-3.9347551256374347
1997-10-01,1997,10,4,6373.47802734375,-1.9206237462419673
1997-11-01,1997,11,4,6137.25,-3.7064225581428967
1997-12-01,1997,12,4,5942.380859375,-3.1751866165627973
1998-01-01,1998,1,4,5489.0,-7.629616312117116
1998-02-01,1998,2,4,5367.25,-2.218072508653668
1998-03-01,1998,3,4,5397.04541015625,0.5551336374540083
1998-04-01,1998,4,4,5391.0,-0.11201332760465421
1998-05-01,1998,5,4,5016.84228515625,-6.9404139277267625
1998-06-01,1998,6,4,4456.90478515625,-11.161154131887574
1998-07-01,1998,7,4,4332.619140625,-2.788608923062119
1998-08-01,1998,8,4,4078.0,-5.8767948984380425
1998-09-01,1998,9,4,4100.9091796875,0.5617748819887192
1998-10-01,1998,10,4,3870.45458984375,-5.619597502554575
1998-11-01,1998,11,4,4117.25,6.376393377766343
1998-12-01,1998,12,4,3865.76318359375,-6.10812596772724
1999-01-01,1999,1,4,4264.0,10.301635084538074
1999-02-01,1999,2,4,4623.25,8.425187617260788
1999-03-01,1999,3,4,5002.95454545455,8.212935607084827
1999-04-01,1999,4,4,5054.75,1.0352973243082708
1999-05-01,1999,5,4,5395.78947368421,6.746910800419603
1999-06-01,1999,6,4,5194.77272727273,-3.725437165253731
1999-07-01,1999,7,4,5696.36363636364,9.655685348033426
1999-08-01,1999,8,4,6431.42857142857,12.904108339792897
1999-09-01,1999,9,4,7029.09090909091,9.292839546060371
1999-10-01,1999,10,4,7317.61904761905,4.104771758677628
1999-11-01,1999,11,4,7946.81818181818,8.598413365121171
1999-12-01,1999,12,4,8073.23529411765,1.5907890353991538
2000-01-01,2000,1,4,8315.25,2.9977412656198466
2000-02-01,2000,2,4,9583.75,15.255103574757234
2000-03-01,2000,3,4,10255.4,7.008217034041997
2000-04-01,2000,4,4,9746.5,-4.962263782982623
2000-05-01,2000,5,4,10122.9130434783,3.8620329705873813
2000-06-01,2000,6,4,8384.31818181818,-17.17484734080781
2000-07-01,2000,7,4,8174.80952380952,-2.4988156873982925
2000-08-01,2000,8,4,8038.4347826087,-1.6682314224401473
2000-09-01,2000,9,4,8624.80952380952,7.294638285421584
2000-10-01,2000,10,4,7650.63636363636,-11.295010718600462
2000-11-01,2000,11,4,7350.59090909091,-3.9218365673680755
2000-12-01,2000,12,4,7318.8,-0.43249460463908873
2001-01-01,2001,1,4,6975.90909090909,-4.685070081036646
2001-02-01,2001,2,4,6546.8,-6.151299928324738
2001-03-01,2001,3,4,6165.18181818182,-5.829079578086704
2001-04-01,2001,4,4,6363.11111111111,3.2104372387781854
2001-05-01,2001,5,4,7086.47619047619,11.368103852562882
2001-06-01,2001,6,4,6674.33333333333,-5.815906891732103
2001-07-01,2001,7,4,5962.54545454546,-10.664553944781552
2001-08-01,2001,8,4,5525.63636363636,-7.327559919497617
2001-09-01,2001,9,4,5057.65,-8.469365930703121
2001-10-01,2001,10,4,4830.78260869565,-4.485628529145935
2001-11-01,2001,11,4,5131.31818181818,6.221260558932018
2001-12-01,2001,12,4,5315.82352941176,3.5956715420091934
2002-01-01,2002,1,4,6061.36363636364,14.024922061970324
2002-02-01,2002,2,4,6039.95,-0.35328083989507597
2002-03-01,2002,3,4,6543.2,8.332022616081257
2002-04-01,2002,4,4,6956.80952380952,6.321211697785789
2002-05-01,2002,5,4,6771.18181818182,-2.668287883869669
2002-06-01,2002,6,4,7147.61111111111,5.559284967337774
2002-07-01,2002,7,4,7137.69565217391,-0.13872409652766482
2002-08-01,2002,8,4,6736.85714285714,-5.61579715429149
2002-09-01,2002,9,4,6664.95238095238,-1.0673339270819926
2002-10-01,2002,10,4,6818.91304347826,2.310003938901062
2002-11-01,2002,11,4,7314.80952380952,7.2723684430254565
2002-12-01,2002,12,4,7206.33333333333,-1.4829667146232905
2003-01-01,2003,1,4,8032.90909090909,11.470129389552163
2003-02-01,2003,2,4,8607.95,7.158563635952131
2003-03-01,2003,3,4,8339.71428571429,-3.116139316396016
2003-04-01,2003,4,4,7930.6,-4.905615128986995
2003-05-01,2003,5,4,8347.75,5.26000554813002
2003-06-01,2003,6,4,8839.04761904762,5.88538970438286
2003-07-01,2003,7,4,8831.78260869565,-0.08219223003521625
2003-08-01,2003,8,4,9359.9,5.979737213916159
2003-09-01,2003,9,4,9995.81818181818,6.794070255218321
2003-10-01,2003,10,4,11040.347826087,10.449666303142235
2003-11-01,2003,11,4,12052.4,9.166850445795237
2003-12-01,2003,12,4,14185.2095238095,17.69613955568601
2004-01-01,2004,1,4,15089.3333333333,6.37370782579032
2004-02-01,2004,2,4,15099.35,0.0663824335073393
2004-03-01,2004,3,4,13786.5434782609,-8.694457190137983
2004-04-01,2004,4,4,12725.9,-7.693324145630564
2004-05-01,2004,5,4,11228.6052631579,-11.765727664386006
2004-06-01,2004,6,4,13599.3636363636,21.113560568242406
2004-07-01,2004,7,4,15020.0681818182,10.446845774869583
2004-08-01,2004,8,4,13639.619047619,-9.190698187843338
2004-09-01,2004,9,4,13430.3636363636,-1.534173429073371
2004-10-01,2004,10,4,14378.4761904762,7.059470463968109
2004-11-01,2004,11,4,14089.5136363636,-2.009688302742396
2004-12-01,2004,12,4,13764.9761904762,-2.3033970814280047
2005-01-01,2005,1,4,14563.75,5.80294363368723
2005-02-01,2005,2,4,15415.6,5.8491116642348295
2005-03-01,2005,3,4,16239.9047619048,5.347211668081675
2005-04-01,2005,4,4,16138.3333333333,-0.6254434989653612
2005-05-01,2005,5,4,17002.25,5.353196323453702
2005-06-01,2005,6,4,16113.1818181818,-5.229120744714377
2005-07-01,2005,7,4,14587.5952380952,-9.467941200571307
2005-08-01,2005,8,4,14962.0,2.566596863937165
2005-09-01,2005,9,4,14154.5454545455,-5.396701947964844
2005-10-01,2005,10,4,12431.119047619,-12.175780652659874
2005-11-01,2005,11,4,12235.0454545455,-1.5772803101829824
2005-12-01,2005,12,4,13490.45,10.260726452700663
2006-01-01,2006,1,4,14660.8095238095,8.675466895540907
2006-02-01,2006,2,4,14974.5,2.139653173182965
2006-03-01,2006,3,4,14925.4782608696,-0.3273681200066769
2006-04-01,2006,4,4,18028.8888888889,20.792704754765335
2006-05-01,2006,5,4,21131.3333333333,17.208184395414495
2006-06-01,2006,6,4,20585.9090909091,-2.581116079238732
2006-07-01,2006,7,4,26185.7142857143,27.202127290448974
2006-08-01,2006,8,4,30468.8636363636,16.356816941923125
2006-09-01,2006,9,4,29702.619047619,-2.514844655480075
2006-10-01,2006,10,4,32551.1363636364,9.590121704253352
2006-11-01,2006,11,4,31891.5909090909,-2.0261825798570055
2006-12-01,2006,12,4,34400.5263157895,7.8670750977914095
2007-01-01,2007,1,4,36821.5909090909,7.03787079033773
2007-02-01,2007,2,4,41078.25,11.560225905008824
2007-03-01,2007,3,4,46125.2272727273,12.286251903932865
2007-04-01,2007,4,4,49956.5789473684,8.306412566787458
2007-05-01,2007,5,4,51783.3333333333,3.656684313570535
2007-06-01,2007,6,4,41551.6666666667,-19.758609591245456
2007-07-01,2007,7,4,33400.2272727273,-19.617599119023044
2007-08-01,2007,8,4,27649.6363636364,-17.217220895339537
2007-09-01,2007,9,4,29548.4,6.867228239069267
2007-10-01,2007,10,4,31156.0,5.4405653097967965
2007-11-01,2007,11,4,30505.6363636364,-2.0874426638965216
2007-12-01,2007,12,4,26053.5555555556,-14.594289248749492
2008-01-01,2008,1,4,27774.7727272727,6.6064578711602095
2008-02-01,2008,2,4,28064.9523809524,1.0447597772591966
2008-03-01,2008,3,4,31093.0526315789,10.789614781893109
2008-04-01,2008,4,4,28776.8181818182,-7.449363294127876
2008-05-01,2008,5,4,25656.5,-10.843166058538333
2008-06-01,2008,6,4,22562.5714285714,-12.059043795640878
2008-07-01,2008,7,4,20106.9565217391,-10.883577320104166
2008-08-01,2008,8,4,19111.8,-4.949314535311022
2008-09-01,2008,9,4,17781.8636363636,-6.958718507081485
2008-10-01,2008,10,4,12144.8695652174,-31.700805868394166
2008-11-01,2008,11,4,10776.5,-11.267058553978837
2008-12-01,2008,12,4,9846.92857142857,-8.625912203140441
2009-01-01,2009,1,4,11562.9523809524,17.42699560655869
2009-02-01,2009,2,4,10410.75,-9.964603701476948
2009-03-01,2009,3,4,9710.72727272727,-6.724037435081332
2009-04-01,2009,4,4,11331.6,16.691568836712946
2009-05-01,2009,5,4,12763.3611111111,12.635118704429216
2009-06-01,2009,6,4,14961.9523809524,17.225801657584718
2009-07-01,2009,7,4,16024.5,7.101664221310422
2009-08-01,2009,8,4,19375.925,20.9143811039346
2009-09-01,2009,9,4,17404.6363636364,-10.173907239853575
2009-10-01,2009,10,4,18489.4772727273,6.233057022423427
2009-11-01,2009,11,4,16911.3333333333,-8.535362661235569
2009-12-01,2009,12,4,17121.6190476191,1.243460288677034
2010-01-01,2010,1,4,18405.55,7.498887510637853
2010-02-01,2010,2,4,19060.55,3.5587091936942983
2010-03-01,2010,3,4,22467.17391304348,17.872642253468452
2010-04-01,2010,4,4,26028.5,15.851241908484837
2010-05-01,2010,5,4,21930.0,-15.746201279366845
2010-06-01,2010,6,4,19411.295454545456,-11.485200845665954
2010-07-01,2010,7,4,19548.522727272728,0.7069454640397987
2010-08-01,2010,8,4,21448.785714285717,9.720749815851182
2010-09-01,2010,9,4,22690.136363636364,5.7875101457322
2010-10-01,2010,10,4,23793.67857142857,4.863532726761233
2010-11-01,2010,11,4,22836.227272727272,-4.023973408849035
2010-12-01,2010,12,4,24099.571428571428,5.532192952699044
2011-01-01,2011,1,4,25621.225,6.314027516790466
2011-02-01,2011,2,4,28412.175,10.893116937226853
2011-03-01,2011,3,4,26710.34782608696,-5.989781401504956
2011-04-01,2011,4,4,26332.166666666668,-1.4158601074110155
2011-05-01,2011,5,4,24164.55,-8.231820397106205
2011-06-01,2011,6,4,22420.93181818182,-7.215603774198898
2011-07-01,2011,7,4,23847.95238095238,6.364679997881928
2011-08-01,2011,8,4,21864.68181818182,-8.316313833109723
2011-09-01,2011,9,4,20377.590909090908,-6.801337981759714
2011-10-01,2011,10,4,19039.04761904762,-6.568702335888665
2011-11-01,2011,11,4,17873.0,-6.124506027712462
2011-12-01,2011,12,4,18246.0375,2.0871566049348145
2012-01-01,2012,1,4,19908.61904761905,9.112014307868499
2012-02-01,2012,2,4,20393.666666666668,2.436369985720477
2012-03-01,2012,3,4,18660.80681818182,-8.497048994711665
2012-04-01,2012,4,4,17892.815789473683,-4.115529602717172
2012-05-01,2012,5,4,16968.31818181818,-5.166864838564889
2012-06-01,2012,6,4,16603.684210526317,-2.148910501233847
2012-07-01,2012,7,4,16128.40909090909,-2.862467832988025
2012-08-01,2012,8,4,15703.988636363636,-2.6315084901007535
2012-09-01,2012,9,4,17287.9625,10.086443007024148
2012-10-01,2012,10,4,17168.739130434784,-0.6896322777494301
2012-11-01,2012,11,4,16335.363636363636,-4.854028520905384
2012-12-01,2012,12,4,17448.5,6.814273550412109
2013-01-01,2013,1,4,17494.06818181818,0.2611581615507452
2013-02-01,2013,2,4,17690.1,1.120561644921203
2013-03-01,2013,3,4,16731.7,-5.417719515435171
2013-04-01,2013,4,4,15629.309523809525,-6.588634007246574
2013-05-01,2013,5,4,14948.22619047619,-4.357731429502875
2013-06-01,2013,6,4,14280.275,-4.46843111660804
2013-07-01,2013,7,4,13750.315217391304,-3.7111314915762916
2013-08-01,2013,8,4,14308.261904761905,4.057701067571995
2013-09-01,2013,9,4,13801.392857142857,-3.542492099968886
2013-10-01,2013,10,4,14117.652173913044,2.291502894264097
2013-11-01,2013,11,4,13684.011904761905,-3.071617460249032
2013-12-01,2013,12,4,13924.55,1.7578039021903358
2014-01-01,2014,1,4,14101.25,1.2689817624268018
2014-02-01,2014,2,4,14203.55,0.7254676003900284
2014-03-01,2014,3,4,15678.09523809524,10.381526013533527
2014-04-01,2014,4,4,17373.6,10.814481836957812
2014-05-01,2014,5,4,19401.075,11.669861168669726
2014-06-01,2014,6,4,18628.809523809523,-3.980529306703251
2014-07-01,2014,7,4,19117.652173913044,2.6241217909213743
2014-08-01,2014,8,4,18600.2,-2.706672185505765
2014-09-01,2014,9,4,18034.795454545456,-3.0397766983932706
2014-10-01,2014,10,4,15812.369565217392,-12.322989162418963
2014-11-01,2014,11,4,15807.05,-0.03364179666717204
2014-12-01,2014,12,4,15962.047619047618,0.9805600605275355
2015-01-01,2015,1,4,14849.190476190475,-6.9718946429477064
2015-02-01,2015,2,4,14573.8375,-1.8543298816994902
2015-03-01,2015,3,4,13755.5,-5.615113383829073
2015-04-01,2015,4,4,12830.925,-6.721493220893471
2015-05-01,2015,5,4,13511.342105263158,5.302946632944705
2015-06-01,2015,6,4,12825.227272727272,-5.078065725747704
2015-07-01,2015,7,4,11413.097826086956,-11.010560800300173
2015-08-01,2015,8,4,10386.0,-8.999290479569144
2015-09-01,2015,9,4,9937.545454545454,-4.317875461722953
2015-10-01,2015,10,4,10316.829545454546,3.8166777967853838
2015-11-01,2015,11,4,9244.333333333334,-10.395598835823927
2015-12-01,2015,12,4,8707.785714285714,-5.804070447275301
2016-01-01,2016,1,4,8507.2875,-2.302516631257734
2016-02-01,2016,2,4,8298.5,-2.4542193971932913
2016-03-01,2016,3,4,8717.25,5.046092667349522
2016-04-01,2016,4,4,8878.857142857143,1.8538775744316505
2016-05-01,2016,5,4,8660.35,-2.4609827519629257
2016-06-01,2016,6,4,8928.352272727272,3.0945893956626724
2016-07-01,2016,7,4,10262.857142857143,14.94682142198036
2016-08-01,2016,8,4,10335.988636363636,0.7125841516501197
2016-09-01,2016,9,4,10191.78409090909,-1.3951693498115092
2016-10-01,2016,10,4,10259.738095238095,0.666752785605218
2016-11-01,2016,11,4,11128.90909090909,8.471668453938474
2016-12-01,2016,12,4,10972.275,-1.407452335440862
2017-01-01,2017,1,4,9971.464285714286,-9.12126896460136
2017-02-01,2017,2,4,10643.3,6.737583318111318
2017-03-01,2017,3,4,10204.66304347826,-4.121249579751951
2017-04-01,2017,4,4,9609.277777777776,-5.834443167439929
2017-05-01,2017,5,4,9155.119047619048,-4.72625248912053
2017-06-01,2017,6,4,8931.761363636364,-2.439702671488164
1980-03-01,1980,3,5,740.75244140625,-14.720806190447144
1980-04-01,1980,4,5,707.68310546875,-4.464289834093682
1980-05-01,1980,5,5,701.069091796875,-0.9346010411671601
1980-06-01,1980,6,5,676.818359375,-3.4591073412920226
1980-07-01,1980,7,5,712.09228515625,5.211727089351315
1980-08-01,1980,8,5,767.207763671875,7.739934789987424
1980-09-01,1980,9,5,795.867919921875,3.735644711522701
1980-10-01,1980,10,5,804.686279296875,1.1080179454733718
1980-11-01,1980,11,5,800.277099609375,-0.5479377244200889
1980-12-01,1980,12,5,782.64013671875,-2.20385700143535
1981-01-01,1981,1,5,776.026123046875,-0.8450900179493126
1981-02-01,1981,2,5,731.933837890625,-5.681804239157895
1981-03-01,1981,3,5,756.1845703125,3.313241056290517
1981-04-01,1981,4,5,824.52783203125,9.037907463584794
1981-05-01,1981,5,5,850.9833984375,3.2085716671414133
1981-06-01,1981,6,5,839.960205078125,-1.295347638933353
1981-07-01,1981,7,5,864.2109375,2.8871287324403028
1981-08-01,1981,8,5,954.600341796875,10.459183096936343
1981-09-01,1981,9,5,936.96337890625,-1.847575589322159
1981-10-01,1981,10,5,890.66650390625,-4.9411616336642705
1981-11-01,1981,11,5,875.234130859375,-1.7326769311737156
1981-12-01,1981,12,5,848.77880859375,-3.02265660499883
1982-01-01,1982,1,5,820.11865234375,-3.3766342844355313
1982-02-01,1982,2,5,824.52783203125,0.5376270463913091
1982-03-01,1982,3,5,791.45849609375,-4.010699779052052
1982-04-01,1982,4,5,740.75244140625,-6.406659974939954
1982-05-01,1982,5,5,749.57080078125,1.1904597112443183
1982-06-01,1982,6,5,692.250732421875,-7.647051926199955
1982-07-01,1982,7,5,723.115478515625,4.4586079361401465
1982-08-01,1982,8,5,714.296875,-1.2195290762863187
1982-09-01,1982,9,5,749.57080078125,4.938272448867997
1982-10-01,1982,10,5,751.775390625,0.29411362361664306
1982-11-01,1982,11,5,709.8876953125,-5.571836460046398
1982-12-01,1982,12,5,670.20458984375,-5.590053994566146
1983-01-01,1983,1,5,698.864501953125,4.276293022113853
1983-02-01,1983,2,5,681.2275390625,-2.52365985700157
1983-03-01,1983,3,5,679.02294921875,-0.32362018816560756
1983-04-01,1983,4,5,696.659912109375,2.5974030643466817
1983-05-01,1983,5,5,736.343017578125,5.696194768634788
1983-06-01,1983,6,5,718.7060546875,-2.3952101764520006
1983-07-01,1983,7,5,740.75244140625,3.067510921184047
1983-08-01,1983,8,5,809.095458984375,9.226161637534691
1983-09-01,1983,9,5,837.755615234375,3.5422465831134398
1983-10-01,1983,10,5,857.59716796875,2.3684177549587737
1983-11-01,1983,11,5,859.8017578125,0.25706589598140095
1983-12-01,1983,12,5,857.59716796875,-0.256406761642225
1984-01-01,1984,1,5,956.80517578125,11.568136127067419
1984-02-01,1984,2,5,998.69287109375,4.377870895012448
1984-03-01,1984,3,5,1040.58056640625,4.194251959226003
1984-04-01,1984,4,5,1003.10205078125,-3.6016928275372173
1984-05-01,1984,5,5,1000.8974609375,-0.2197772242647722
1984-06-01,1984,6,5,941.372802734375,-5.9471285047891564
1984-07-01,1984,7,5,853.18798828125,-9.367682409878153
1984-08-01,1984,8,5,833.346435546875,-2.325578068011236
1984-09-01,1984,9,5,873.029541015625,4.7618977865680145
1984-10-01,1984,10,5,844.369384765625,-3.282839228631218
1984-11-01,1984,11,5,857.59716796875,1.5665872592949048
1984-12-01,1984,12,5,859.8017578125,0.25706589598140095
1985-01-01,1985,1,5,866.415771484375,0.7692486799169007
1985-02-01,1985,2,5,886.25732421875,2.2900728942620407
1985-03-01,1985,3,5,921.53125,3.9800997765907953
1985-04-01,1985,4,5,930.349609375,0.9569246159584877
1985-05-01,1985,5,5,879.643310546875,-5.450241319732374
1985-06-01,1985,6,5,809.095458984375,-8.020052072997675
1985-07-01,1985,7,5,767.207763671875,-5.177101768075665
1985-08-01,1985,8,5,734.138427734375,-4.310349491150789
1985-09-01,1985,9,5,690.046142578125,-6.005990626634706
1985-10-01,1985,10,5,632.725830078125,-8.30673616779335
1985-11-01,1985,11,5,597.451904296875,-5.574914774207118
1985-12-01,1985,12,5,685.63671875,14.760152879068533
1986-01-01,1986,1,5,643.7490234375,-6.1093133093668595
1986-02-01,1986,2,5,608.47509765625,-5.479453093830545
1986-03-01,1986,3,5,626.112060546875,2.8985513061355883
1986-04-01,1986,4,5,659.181396484375,5.2816960447328976
1986-05-01,1986,5,5,707.68310546875,7.357869812930118
1986-06-01,1986,6,5,804.686279296875,13.707148450841245
1986-07-01,1986,7,5,806.890869140625,0.27396886221005
1986-08-01,1986,8,5,815.70947265625,1.0929115513498289
1986-09-01,1986,9,5,870.824951171875,6.7567535210972585
1986-10-01,1986,10,5,886.25732421875,1.7721555894910423
1986-11-01,1986,11,5,820.11865234375,-7.462693967951384
1986-12-01,1986,12,5,798.072509765625,-2.688165000896048
1987-01-01,1987,1,5,758.38916015625,-4.972399014348838
1987-02-01,1987,2,5,740.75244140625,-2.3255499520017264
1987-03-01,1987,3,5,731.933837890625,-1.1904926697080764
1987-04-01,1987,4,5,760.593994140625,3.9156758119827106
1987-05-01,1987,5,5,837.755615234375,10.14491590627571
1987-06-01,1987,6,5,877.438720703125,4.736835509917525
1987-07-01,1987,7,5,828.93701171875,-5.527646300531252
1987-08-01,1987,8,5,802.481689453125,-3.1914755755412028
1987-09-01,1987,9,5,756.1845703125,-5.769243055523865
1987-10-01,1987,10,5,769.412353515625,1.7492797026602336
1987-11-01,1987,11,5,846.573974609375,10.02864338493923
1987-12-01,1987,12,5,866.415771484375,2.343775909737289
1988-01-01,1988,1,5,877.438720703125,1.272247064462495
1988-02-01,1988,2,5,875.234130859375,-0.25125285581008017
1988-03-01,1988,3,5,981.055908203125,12.090682208638937
1988-04-01,1988,4,5,1069.24072265625,8.988765443005375
1988-05-01,1988,5,5,1175.0625,9.89690862885051
1988-06-01,1988,6,5,1364.65966796875,16.135070940375517
1988-07-01,1988,7,5,1236.79174804688,-9.369949367097297
1988-08-01,1988,8,5,1307.33959960938,5.704101088474101
1988-09-01,1988,9,5,1329.3857421875,1.6863363264378428
1988-10-01,1988,10,5,1518.98315429688,14.262031409889953
1988-11-01,1988,11,5,1556.46166992188,2.467342413836593
1988-12-01,1988,12,5,1591.73559570313,2.266289396193133
1989-01-01,1989,1,5,1732.83129882813,8.864267627480714
1989-02-01,1989,2,5,1929.49731445313,11.34940347384077
1989-03-01,1989,3,5,1959.9072265625,1.5760536115588808
1989-04-01,1989,4,5,1654.39990234375,-15.58784620405641
1989-05-01,1989,5,5,1627.0,-1.656183750067508
1989-06-01,1989,6,5,1537.0,-5.53165334972342
1989-07-01,1989,7,5,1614.0,5.009759271307734
1989-08-01,1989,8,5,1726.0,6.9392812887236754
1989-09-01,1989,9,5,1626.0,-5.793742757821551
1989-10-01,1989,10,5,1583.0,-2.64452644526445
1989-11-01,1989,11,5,1435.0,-9.349336702463674
1989-12-01,1989,12,5,1450.0,1.0452961672473782
1990-01-01,1990,1,5,1294.0,-10.758620689655174
1990-02-01,1990,2,5,1394.0,7.727975270479126
1990-03-01,1990,3,5,1666.0,19.512195121951216
1990-04-01,1990,4,5,1686.0,1.200480192076836
1990-05-01,1990,5,5,1775.0,5.27876631079478
1990-06-01,1990,6,5,1715.0,-3.3802816901408406
1990-07-01,1990,7,5,1637.0,-4.548104956268217
1990-08-01,1990,8,5,1615.0,-1.3439218081857107
1990-09-01,1990,9,5,1537.0,-4.8297213622291
1990-10-01,1990,10,5,1353.0,-11.971372804163959
1990-11-01,1990,11,5,1278.0,-5.543237250554323
1990-12-01,1990,12,5,1265.0,-1.0172143974960912
1991-01-01,1991,1,5,1206.0,-4.664031620553355
1991-02-01,1991,2,5,1188.0,-1.4925373134328401
1991-03-01,1991,3,5,1199.0,0.92592592592593
1991-04-01,1991,4,5,1254.0,4.587155963302747
1991-05-01,1991,5,5,1127.73999023438,-10.068581321022329
1991-06-01,1991,6,5,1067.44995117188,-5.34609392099058
1991-07-01,1991,7,5,1063.41333007813,-0.378155536877256
1991-08-01,1991,8,5,1047.73999023438,-1.4738709211589929
1991-09-01,1991,9,5,1025.60009765625,-2.1131094340664847
1991-10-01,1991,10,5,991.64990234375,-3.310276138826873
1991-11-01,1991,11,5,1100.65014648438,10.991807076571035
1991-12-01,1991,12,5,1185.0791015625,7.670825770368284
1992-01-01,1992,1,5,1157.6591796875,-2.3137630086335514
1992-02-01,1992,2,5,1135.47509765625,-1.9162878350118873
1992-03-01,1992,3,5,1217.77270507813,7.247856654166318
1992-04-01,1992,4,5,1304.94995117188,7.158745283928569
1992-05-01,1992,5,5,1377.73681640625,5.57775148150359
1992-06-01,1992,6,5,1385.4091796875,0.5568816329712956
1992-07-01,1992,7,5,1320.4091796875,-4.691754678185522
1992-08-01,1992,8,5,1363.40014648438,3.25588215064172
1992-09-01,1992,9,5,1367.119140625,0.27277348841494575
1992-10-01,1992,10,5,1158.36376953125,-15.269727772102893
1992-11-01,1992,11,5,1052.23803710938,-9.161693002951521
1992-12-01,1992,12,5,1061.47619628906,0.8779533578788135
1993-01-01,1993,1,5,1067.57495117188,0.5745540883668854
1993-02-01,1993,2,5,1073.625,0.5667095150067691
1993-03-01,1993,3,5,996.760864257813,-7.159309418296611
1993-04-01,1993,4,5,1006.0,0.926915980902443
1993-05-01,1993,5,5,979.26318359375,-2.6577352292495027
1993-06-01,1993,6,5,928.227294921875,-5.2116621483287995
1993-07-01,1993,7,5,930.068176269531,0.19832225983087426
1993-08-01,1993,8,5,886.833312988281,-4.648569253779167
1993-09-01,1993,9,5,875.727294921875,-1.252323058206184
1993-10-01,1993,10,5,918.571411132813,4.892403886390251
1993-11-01,1993,11,5,929.386352539063,1.177365338739711
1993-12-01,1993,12,5,975.534973144531,4.965493680791755
1994-01-01,1994,1,5,998.59521484375,2.3638559697031436
1994-02-01,1994,2,5,969.75,-2.8885793177231833
1994-03-01,1994,3,5,937.608703613281,-3.3143899341808725
1994-04-01,1994,4,5,924.342102050781,-1.4149401036247067
1994-05-01,1994,5,5,956.714294433594,3.502187373158794
1994-06-01,1994,6,5,966.0,0.9705829232857344
1994-07-01,1994,7,5,962.642883300781,-0.347527608614806
1994-08-01,1994,8,5,946.909118652344,-1.6344342145332202
1994-09-01,1994,9,5,993.545471191406,4.925113891123534
1994-10-01,1994,10,5,1059.54760742188,6.643091649477073
1994-11-01,1994,11,5,1150.27270507813,8.56262588115364
1994-12-01,1994,12,5,1112.75,-3.2620703692679
1995-01-01,1995,1,5,1154.8095703125,3.7797861435632463
1995-02-01,1995,2,5,1030.67504882813,-10.749349908035333
1995-03-01,1995,3,5,1021.69567871094,-0.8712125249756952
1995-04-01,1995,4,5,1059.13891601563,3.6648131224291447
1995-05-01,1995,5,5,1036.61901855469,-2.1262458701505893
1995-06-01,1995,6,5,1007.77270507813,-2.782730488273222
1995-07-01,1995,7,5,1028.05505371094,2.01259158246776
1995-08-01,1995,8,5,1015.47729492188,-1.2234518709536402
1995-09-01,1995,9,5,988.025024414063,-2.7033859491589096
1995-10-01,1995,10,5,980.431823730469,-0.7685231138853998
1995-11-01,1995,11,5,1033.1904296875,5.381160084776582
1995-12-01,1995,12,5,1017.15789794922,-1.5517499269838586
1996-01-01,1996,1,5,1019.69049072266,0.24898718070676118
1996-02-01,1996,2,5,1035.83337402344,1.5831159991831933
1996-03-01,1996,3,5,1063.25,2.6468181721223116
1996-04-01,1996,4,5,1043.94995117188,-1.815193870502707
1996-05-01,1996,5,5,1036.54760742188,-0.7090707501533511
1996-06-01,1996,6,5,1009.40002441406,-2.619038702461718
1996-07-01,1996,7,5,1000.52172851563,-0.8795616884974544
1996-08-01,1996,8,5,1007.95239257813,0.7426789294745273
1996-09-01,1996,9,5,998.976196289063,-0.890537723325191
1996-10-01,1996,10,5,1002.71740722656,0.3745045128597413
1996-11-01,1996,11,5,1044.31433105469,4.148419437853779
1996-12-01,1996,12,5,1036.54760742188,-0.743715125020461
1997-01-01,1997,1,5,1086.13635253906,4.784029673322765
1997-02-01,1997,2,5,1178.15795898438,8.472380675796476
1997-03-01,1997,3,5,1254.34216308594,6.46638284116281
1997-04-01,1997,4,5,1240.02270507813,-1.1415910609734459
1997-05-01,1997,5,5,1310.125,5.653307365646421
1997-06-01,1997,6,5,1354.97619628906,3.423428778861548
1997-07-01,1997,7,5,1517.02172851563,11.959289961725684
1997-08-01,1997,8,5,1650.625,8.806945146072342
1997-09-01,1997,9,5,1638.28576660156,-0.7475491646158239
1997-10-01,1997,10,5,1276.67395019531,-22.072572671883318
1997-11-01,1997,11,5,1171.15002441406,-8.265534498068716
1997-12-01,1997,12,5,1101.26196289063,-5.967473002307777
1998-01-01,1998,1,5,1096.25,-0.45511086912276566
1998-02-01,1998,2,5,1043.19995117188,-4.839229083522922
1998-03-01,1998,3,5,1046.75,0.3403037762925498
1998-04-01,1998,4,5,1096.17504882813,4.721762486566039
1998-05-01,1998,5,5,1060.36840820313,-3.266507540312946
1998-06-01,1998,6,5,1007.59521484375,-4.97687341032802
1998-07-01,1998,7,5,1043.5,3.5634136235767944
1998-08-01,1998,8,5,1029.05004882813,-1.384758138176334
1998-09-01,1998,9,5,999.636352539063,-2.8583348616097903
1998-10-01,1998,10,5,941.363647460938,-5.82939035081238
1998-11-01,1998,11,5,965.950012207031,2.611781835044069
1998-12-01,1998,12,5,961.578918457031,-0.45251759353600596
1999-01-01,1999,1,5,931.75,-3.102076999035619
1999-02-01,1999,2,5,1017.6,9.213844915481628
1999-03-01,1999,3,5,1028.79545454545,1.1001822469978384
1999-04-01,1999,4,5,1018.175,-1.0323193496361682
1999-05-01,1999,5,5,1039.92105263158,2.135787328463201
1999-06-01,1999,6,5,999.909090909091,-3.84759608637949
1999-07-01,1999,7,5,1071.22727272727,7.1324665878713445
1999-08-01,1999,8,5,1129.69047619048,5.457591022152264
1999-09-01,1999,9,5,1192.93181818182,5.598112343533357
1999-10-01,1999,10,5,1147.97619047619,-3.768499340905185
1999-11-01,1999,11,5,1146.38636363636,-0.13848953079509396
1999-12-01,1999,12,5,1185.23529411765,3.388816520641469
2000-01-01,2000,1,5,1178.575,-0.5619385577450453
2000-02-01,2000,2,5,1098.25,-6.815433892624567
2000-03-01,2000,3,5,1113.0,1.3430457546095953
2000-04-01,2000,4,5,1132.52,1.7538185085354874
2000-05-01,2000,5,5,1154.07391304348,1.9031816695051607
2000-06-01,2000,6,5,1116.19090909091,-3.282545729906172
2000-07-01,2000,7,5,1135.91428571429,1.767025377356246
2000-08-01,2000,8,5,1172.55217391304,3.2254095805927196
2000-09-01,2000,9,5,1221.67142857143,4.189089044495931
2000-10-01,2000,10,5,1091.61363636364,-10.645889652987472
2000-11-01,2000,11,5,1058.68181818182,-3.016801648935208
2000-12-01,2000,12,5,1059.33,0.06122536602102269
2001-01-01,2001,1,5,1032.7,-2.513853095824703
2001-02-01,2001,2,5,1021.58,-1.0767889997094993
2001-03-01,2001,3,5,1005.62272727273,-1.5620189047622302
2001-04-01,2001,4,5,970.138888888889,-3.528543798932815
2001-05-01,2001,5,5,937.961904761905,-3.3167399529604125
2001-06-01,2001,6,5,896.928571428571,-4.374733464654945
2001-07-01,2001,7,5,853.304545454545,-4.863712380635221
2001-08-01,2001,8,5,830.031818181818,-2.7273647370915866
2001-09-01,2001,9,5,799.51,-3.6771865262558268
2001-10-01,2001,10,5,761.739130434782,-4.724252300186105
2001-11-01,2001,11,5,774.345454545454,1.654939809049405
2001-12-01,2001,12,5,757.970588235294,-2.114671974121951
2002-01-01,2002,1,5,794.195454545454,4.779191550756434
2002-02-01,2002,2,5,773.47,-2.6096163641878167
2002-03-01,2002,3,5,819.995,6.0151007796036104
2002-04-01,2002,4,5,807.57619047619,-1.514498201063419
2002-05-01,2002,5,5,768.25,-4.869656998307647
2002-06-01,2002,6,5,769.422222222222,0.15258343276562947
2002-07-01,2002,7,5,795.013043478261,3.325978964076226
2002-08-01,2002,8,5,748.809523809524,-5.811668128939374
2002-09-01,2002,9,5,756.17619047619,0.9837837837836982
2002-10-01,2002,10,5,755.086956521739,-0.1440449948265421
2002-11-01,2002,11,5,764.566666666666,1.2554461526649519
2002-12-01,2002,12,5,794.261904761905,3.883930517753731
2003-01-01,2003,1,5,782.340909090909,-1.5008897694230416
2003-02-01,2003,2,5,785.665,0.42489033495047845
2003-03-01,2003,3,5,790.328571428571,0.5935826883685769
2003-04-01,2003,4,5,756.75,-4.248684995390651
2003-05-01,2003,5,5,776.115,2.5589692765114025
2003-06-01,2003,6,5,790.661904761905,1.8743233621183686
2003-07-01,2003,7,5,828.5,4.785622654918398
2003-08-01,2003,8,5,815.2,-1.6053108026553908
2003-09-01,2003,9,5,818.940909090909,0.4588946382371173
2003-10-01,2003,10,5,900.104347826087,9.910780843183908
2003-11-01,2003,11,5,914.235,1.5698904474843456
2003-12-01,2003,12,5,976.757142857143,6.838738711287906
2004-01-01,2004,1,5,1015.8880952381,4.006211028720386
2004-02-01,2004,2,5,1085.7875,6.880620522038616
2004-03-01,2004,3,5,1101.79565217391,1.4743356479891334
2004-04-01,2004,4,5,1028.9125,-6.614942800882096
2004-05-01,2004,5,5,1030.97894736842,0.2008380079375094
2004-06-01,2004,6,5,1018.86363636364,-1.175126905908641
2004-07-01,2004,7,5,988.104545454545,-3.0189605175109824
2004-08-01,2004,8,5,976.8,-1.1440637032334222
2004-09-01,2004,9,5,980.027272727273,0.33039237584695513
2004-10-01,2004,10,5,1066.95238095238,8.869662165952485
2004-11-01,2004,11,5,1100.23181818182,3.1191117638946775
2004-12-01,2004,12,5,1182.1380952381,7.444456313909709
2005-01-01,2005,1,5,1245.55,5.364170651240863
2005-02-01,2005,2,5,1323.105,6.22656657701417
2005-03-01,2005,3,5,1373.95714285714,3.843394353217633
2005-04-01,2005,4,5,1297.80952380952,-5.542212101992594
2005-05-01,2005,5,5,1245.535,-4.027904160856832
2005-06-01,2005,6,5,1273.11818181818,2.2145649715326954
2005-07-01,2005,7,5,1196.85714285714,-5.990098959401335
2005-08-01,2005,8,5,1300.75,8.680472666507777
2005-09-01,2005,9,5,1396.66363636364,7.373717959918524
2005-10-01,2005,10,5,1483.21904761905,6.197298261503104
2005-11-01,2005,11,5,1610.65,8.591512668712674
2005-12-01,2005,12,5,1819.355,12.957812063452634
2006-01-01,2006,1,5,2091.76666666667,14.97298035109531
2006-02-01,2006,2,5,2219.745,6.118193552499296
2006-03-01,2006,3,5,2427.65652173913,9.366459739255184
2006-04-01,2006,4,5,3068.33888888889,26.390980825029843
2006-05-01,2006,5,5,3544.64285714286,15.52318650259814
2006-06-01,2006,6,5,3197.59090909091,-9.790886191893799
2006-07-01,2006,7,5,3320.73809523809,3.851248944856156
2006-08-01,2006,8,5,3339.96590909091,0.5790222926762123
2006-09-01,2006,9,5,3394.05952380952,1.6195858338366564
2006-10-01,2006,10,5,3829.60227272727,12.832501783259609
2006-11-01,2006,11,5,4378.61363636364,14.335989080280886
2006-12-01,2006,12,5,4381.44736842105,0.06471756342867341
2007-01-01,2007,1,5,3784.86363636364,-13.61613370862884
2007-02-01,2007,2,5,3321.375,-12.245847694765121
2007-03-01,2007,3,5,3256.18181818182,-1.9628371327591765
2007-04-01,2007,4,5,3566.85526315789,9.541034939797788
2007-05-01,2007,5,5,3847.52380952381,7.868795497954473
2007-06-01,2007,6,5,3628.65476190476,-5.688569023985801
2007-07-01,2007,7,5,3546.29545454545,-2.269692565519188
2007-08-01,2007,8,5,3244.17045454545,-8.519453719310178
2007-09-01,2007,9,5,2887.6,-10.991113430734023
2007-10-01,2007,10,5,2979.98913043478,3.1995127592041817
2007-11-01,2007,11,5,2554.60227272727,-14.274778836037106
2007-12-01,2007,12,5,2378.59722222222,-6.889724180709688
2008-01-01,2008,1,5,2364.40909090909,-0.596491544704425
2008-02-01,2008,2,5,2458.47619047619,3.978461253967347
2008-03-01,2008,3,5,2511.18421052632,2.14393046612833
2008-04-01,2008,4,5,2278.51136363636,-9.265463119537298
2008-05-01,2008,5,5,2178.325,-4.397009610541025
2008-06-01,2008,6,5,1906.17380952381,-12.493599002728695
2008-07-01,2008,7,5,1856.44565217391,-2.608794491952582
2008-08-01,2008,8,5,1734.65,-6.560690426422477
2008-09-01,2008,9,5,1744.52272727273,0.5691480859383757
2008-10-01,2008,10,5,1303.00434782609,-25.30883504950837
2008-11-01,2008,11,5,1169.3625,-10.256439132306483
2008-12-01,2008,12,5,1112.90476190476,-4.828078384182821
2009-01-01,2009,1,5,1202.52380952381,8.052714903085235
2009-02-01,2009,2,5,1118.0025,-7.028659961192774
2009-03-01,2009,3,5,1223.21818181818,9.411041730065905
2009-04-01,2009,4,5,1388.1375,13.48241226570761
2009-05-01,2009,5,5,1491.89444444444,7.474543728156613
2009-06-01,2009,6,5,1555.46428571429,4.261014678791342
2009-07-01,2009,7,5,1582.85227272727,1.7607596178528029
2009-08-01,2009,8,5,1818.0125,14.856738769913536
2009-09-01,2009,9,5,1879.14772727273,3.3627506561550113
2009-10-01,2009,10,5,2070.84454545455,10.201263870831268
2009-11-01,2009,11,5,2196.54761904762,6.07013567816983
2009-12-01,2009,12,5,2374.0380952381,8.080429245027542
2010-01-01,2010,1,5,2414.69,1.7123526721597448
2010-02-01,2010,2,5,2158.82,-10.596391255192172
2010-03-01,2010,3,5,2277.2913043478266,5.487780562892053
2010-04-01,2010,4,5,2367.53,3.962545128938455
2010-05-01,2010,5,5,1969.815789473684,-16.798697821202524
2010-06-01,2010,6,5,1746.5113636363635,-11.336310076841515
2010-07-01,2010,7,5,1847.0272727272727,5.75523934076374
2010-08-01,2010,8,5,2047.4761904761904,10.852515320628697
2010-09-01,2010,9,5,2150.943181818182,5.053391674260577
2010-10-01,2010,10,5,2373.5619047619048,10.349818852748328
2010-11-01,2010,11,5,2283.2954545454545,-3.80299540683372
2010-12-01,2010,12,5,2287.3214285714284,0.17632295540024323
2011-01-01,2011,1,5,2375.8125,3.8687641502068937
2011-02-01,2011,2,5,2473.45,4.109646699813219
2011-03-01,2011,3,5,2341.478260869565,-5.335532924879615
2011-04-01,2011,4,5,2371.4777777777776,1.2812212442694815
2011-05-01,2011,5,5,2159.6,-8.934419700796036
2011-06-01,2011,6,5,2234.465909090909,3.4666562831500825
2011-07-01,2011,7,5,2397.754761904762,7.307735246687508
2011-08-01,2011,8,5,2199.2386363636365,-8.279250601234356
2011-09-01,2011,9,5,2075.2204545454547,-5.6391416450941145
2011-10-01,2011,10,5,1871.4166666666667,-9.820825899840512
2011-11-01,2011,11,5,1935.3181818181815,3.4146065005039805
2011-12-01,2011,12,5,1911.15,-1.2487962984709888
2012-01-01,2012,1,5,1989.2261904761904,4.0852989287178065
2012-02-01,2012,2,5,2057.785714285714,3.446542386067808
2012-03-01,2012,3,5,2035.925,-1.0623416293519372
2012-04-01,2012,4,5,2002.684210526316,-1.6327118864242984
2012-05-01,2012,5,5,1928.011363636364,-3.728638119652805
2012-06-01,2012,6,5,1855.934210526316,-3.738419517097935
2012-07-01,2012,7,5,1847.75,-0.44097525008686134
2012-08-01,2012,8,5,1816.3181818181815,-1.7010860875020128
2012-09-01,2012,9,5,2009.85,10.655171550839615
2012-10-01,2012,10,5,1903.958695652174,-5.268617277300591
2012-11-01,2012,11,5,1912.3977272727277,0.4432360659831991
2012-12-01,2012,12,5,2040.4289473684207,6.694800891563402
2013-01-01,2013,1,5,2031.409090909091,-0.44205687588204645
2013-02-01,2013,2,5,2128.6875,4.7887158488286286
2013-03-01,2013,3,5,1929.15,-9.373733814850693
2013-04-01,2013,4,5,1855.6,-3.8125599357229922
2013-05-01,2013,5,5,1831.0119047619048,-1.325075190671221
2013-06-01,2013,6,5,1839.0125,0.43694938396021676
2013-07-01,2013,7,5,1837.6195652173917,-0.07574362776807675
2013-08-01,2013,8,5,1896.392857142857,3.1983383850461067
2013-09-01,2013,9,5,1846.8809523809523,-2.610846406398115
2013-10-01,2013,10,5,1884.8369565217392,2.0551408087161827
2013-11-01,2013,11,5,1866.4166666666667,-0.9772882365944868
2013-12-01,2013,12,5,1974.975,5.816403982676244
2014-01-01,2014,1,5,2036.9318181818185,3.137093795203416
2014-02-01,2014,2,5,2034.525,-0.11815899581590905
2014-03-01,2014,3,5,2007.904761904762,-1.3084252144966557
2014-04-01,2014,4,5,2027.2125,0.9615863491913013
2014-05-01,2014,5,5,2058.975,1.5668066371926859
2014-06-01,2014,6,5,2128.095238095238,3.357021726598819
2014-07-01,2014,7,5,2310.6195652173915,8.57688715499043
2014-08-01,2014,8,5,2326.9875,0.708378611044469
2014-09-01,2014,9,5,2294.590909090909,-1.3922116431261955
2014-10-01,2014,10,5,2276.826086956521,-0.7742043282750632
2014-11-01,2014,11,5,2253.225,-1.0365783795137862
2014-12-01,2014,12,5,2175.7619047619046,-3.4378766096637148
2015-01-01,2015,1,5,2113.0476190476197,-2.882405725416348
2015-02-01,2015,2,5,2097.7625,-0.7233684139361318
2015-03-01,2015,3,5,2028.7272727272727,-3.2908981485142874
2015-04-01,2015,4,5,2212.725,9.069613730059146
2015-05-01,2015,5,5,2281.8026315789475,3.1218353649435704
2015-06-01,2015,6,5,2082.090909090909,-8.752366209247608
2015-07-01,2015,7,5,2000.684782608696,-3.9098257490474797
2015-08-01,2015,8,5,1807.6375,-9.649060376066899
2015-09-01,2015,9,5,1720.2272727272727,-4.835605992502767
2015-10-01,2015,10,5,1724.340909090909,0.23913330690976675
2015-11-01,2015,11,5,1583.309523809524,-8.178857471736157
2015-12-01,2015,12,5,1527.7857142857142,-3.506819651423354
2016-01-01,2016,1,5,1520.3625,-0.4858805928280918
2016-02-01,2016,2,5,1709.845238095238,12.462997350647509
2016-03-01,2016,3,5,1801.690476190476,5.371552702486282
2016-04-01,2016,4,5,1855.373809523809,2.979609097276348
2016-05-01,2016,5,5,1869.025,0.735764965858543
2016-06-01,2016,6,5,2026.1931818181815,8.409100029062277
2016-07-01,2016,7,5,2183.25,7.7513249768655035
2016-08-01,2016,8,5,2279.1363636363635,4.391909476072997
2016-09-01,2016,9,5,2292.306818181818,0.5778704054566042
2016-10-01,2016,10,5,2311.5,0.8372867744382173
2016-11-01,2016,11,5,2566.204545454545,11.019015593966897
2016-12-01,2016,12,5,2664.8125,3.8425602012168936
2017-01-01,2017,1,5,2714.7976190476197,1.8757461940613007
2017-02-01,2017,2,5,2845.55,4.816284648070734
2017-03-01,2017,3,5,2776.8804347826085,-2.413226448925221
2017-04-01,2017,4,5,2614.9166666666665,-5.832579829049123
2017-05-01,2017,5,5,2590.214285714286,-0.9446718232849038
2017-06-01,2017,6,5,2573.3977272727275,-0.6492342558029329
